niallceqci,EtreBr
AdrianaDriRio,EtreBr
MARTINSRJ1,EtreBr
STavareis,jessicadu00
marciagomessil1,kekaavelar
fontesgilberto,eduardomaluf2
rob_scholz,EtreBr
apoitia_du,marchezan_
a_rj1,EtreBr
Canmeira,EtreBr
Carmen_Gua,marchezan_
RobGreenFields,kekaavelar
felipebritofb,EtreBr
GigioThomaz,marchezan_
EltonApollo,marchezan_
EltonApollo,EtreBr
MauricioMLO,kekaavelar
ALblini,marchezan_
danigotesman,marchezan_
waltinhoradio,marchezan_
Foraptdilma,marchezan_
danpontes999,EtreBr
caitum,EtreBr
ronaldoliveira2,marchezan_
GIFFONIBRAVO,marchezan_
davidfcesar,kekaavelar
LeonardoFM11,EtreBr
matheusft82,marchezan_
alves_truz,EtreBr
ef96d509580b484,marchezan_
abadeduda,marchezan_
Reginar_r,marchezan_
GuaracidaCruz,marchezan_
talitatrainer,marchezan_
hudsondesouza11,marchezan_
gigioedudu,marchezan_
tiagocamassutti,marchezan_
alvim93,marchezan_
Nelson_Harter,marchezan_
MARGARETHALBUQU,marchezan_
goxtosaxim,marchezan_
DefesaHetero,kekaavelar
BordinVania,marchezan_
luciaturchetto,EtreBr
Cellofla45,marchezan_
JokerBH666,marchezan_
caboff1,EtreBr
rafaeldmatheus,marchezan_
adijsantos,marchezan_
Hwidger,EtreBr
anaalmeidaca38,kekaavelar
ninarosacorrea,marchezan_
AcordouAcordou,kekaavelar
MauricioMLO,EtreBr
RenatoKedson,marchezan_
MancheteReal,marchezan_
MauricioMLO,marchezan_
euudisseque,claudiorobsilva
lobaoeletrico,marchezan_
earcarmona,marchezan_
AcordouAcordou,EtreBr
AcordouAcordou,marchezan_
rakelmaia55,EtreBr
ThomasAlencar11,alexcdias06
rebecajulia17,reaciago
sountilurmine,reaciago
demattosmonica,jusgarcia
seibel10,marchezan_
Bruno_Lams,jusgarcia
belfonseca19,DilmaResiste
LeoCastroMat,marchezan_
MarchemosBrasil,annapaimm
MegVinhas,annapaimm
claudemir19791,robertaelke
Arcamargo70,marchezan_
milconcei,r_inforzato
New_Delia,r_inforzato
motter_ja,robertaelke
parabensatodos,robertaelke
1Notadade,marchezan_
AdrianaDriRio,robertaelke
DenniscafeZz,robertaelke
rbuobu,marchezan_
CleuzaBapti,marchezan_
emerson_carlos,JosRicardo14
MarcoCampelo,marchezan_
cpidopt,marchezan_
alanferrazrj,JosRicardo14
ChrisTheBoy_,robertaelke
Mimy_2014,robertaelke
mariagcas,marchezan_
FBI_NOTICIAS,robertaelke
joeoficial2014,robertaelke
MarcusVini_17,robertaelke
Anadi_Paula,robertaelke
horandivando,JERRYGUILAU
marilumgon,marchezan_
marcelospfcbt,robertaelke
jacksonsimoes,marchezan_
TopTV_Brasil,robertaelke
washing38204826,OiIindona
alanferrazrj,robertaelke
Marlene_Senna,DilmaResiste
AndreaFigueired,marchezan_
PaulGilmar,marchezan_
br12ro,marchezan_
otaviopaz,marchezan_
marcelincoelho,guilherme__rios
Marcosguaiba,marchezan_
koramulata,_Lavoisier
Foxnews1,marchezan_
fataloliveira1,marchezan_
geacarlobc,DilmaResiste
JongaPereira,DilmaResiste
fabioq,wagnerborgesjr
nelsonspartacus,marchezan_
BcAlemao,marchezan_
_NaoVaiTerCopa,marchezan_
marcelomformiga,marchezan_
fabiocs,marchezan_
mildignos,marchezan_
DuuLima23,marchezan_
marcia_umari,marchezan_
dalvinha47,marchezan_
SeiSei0,marchezan_
letrin45,marchezan_
Tom_brz,marchezan_
Dehavasan,marchezan_
sandrassabino,marchezan_
AndreDecoy,NumFod
themaloya,marchezan_
livbuk22,DilmaResiste
DrRobertoSalles,marchezan_
mariovgomes,marchezan_
Silvio_MKT,marchezan_
lula_oliveira,htfigueira
dellFerraz,marchezan_
JulianoSMendes,marchezan_
Rituska_,DilmaResiste
zaninella,marchezan_
AdrianoLourenco,marchezan_
FabiAgenteCIA,marchezan_
danmunakata,marchezan_
gdugomes,marchezan_
JDarzone,marchezan_
Geraldo_Olivera,marchezan_
AyurvedaPoa,marchezan_
Rabbits_ca,DilmaResiste
pinheirolettici,marchezan_
PORTO_Nat,thepatricao
PanchRapha,Wanderson_Panch
PanchRapha,Wanderson_Panch
PanchRapha,Wanderson_Panch
letrasLTDA,marchezan_
Gabrielgalura,marchezan_
Chiwizz1,marchezan_
aparecidapz,marchezan_
obrasil_e_nosso,ptnuncamais
OsvladPereira,marchezan_
TO_DE_OLHO,marchezan_
guidomelo1,DilmaResiste
RumoCertoSim,andreliotti
RumoCertoSim,_Lavoisier
writeslaureen,zjmdark
lourdesmsantos,DilmaResiste
PaulXbrow2,liviagomesfono
tpequeno,DilmaResiste
nizetticardoso,JoaoBANatal
h_jordon,DilmaResiste
LauraVieiraDias,DilmaResiste
WallaceLarri,DilmaResiste
JoceyrR,DilmaResiste
fabistrada,cacildanc
Brasangola_,DilmaResiste
ZeferinoJanio,marchezan_
voliasobral2,DilmaResiste
fcarravetta,marchezan_
MaxBrasil2000,patggou1
euzenidwelder,DilmaResiste
JoeClementino,patggou1
Odara_10,DilmaResiste
CleytondeMelo,DilmaResiste
gatosarado2016,DilmaResiste
pedroceleste,DilmaResiste
carmemsouza,DilmaResiste
luis13vieira,DilmaResiste
mgfufino,patggou1
511921hgq,DilmaResiste
RafaelAtari,patggou1
bonnieximena,arcofi
REGINAOUTEIRO,patggou1
frostlost,patggou1
pauloquaresma2,arcofi
jadsonlima2010,patggou1
Gabrielgalura,patggou1
ZeferinoJanio,arcofi
New_Delia,arcofi
iojandaira,prmaduro
ffmadruga,Anholeto
SacraSandra,ptnuncamais
RojanioMarcio,DilmaResiste
adriano_francaa,DilmaResiste
wellingtonmoura,ptnuncamais
agadanymanu,DilmaResiste
MariRemor,arcofi
maria_padu,ptnuncamais
AnaPaulaVendri,BethDAlmeida1
OpusckiSulains,cacildanc
vishtati,phelizardu
maraferro228,DilmaResiste
wondergio,DilmaResiste
fabistrada,cacildanc
aeciofaraujo,BlogDoTato67
marilumgon,prmaduro
sergio_pm,DilmaResiste
fernanda281327,BlogDoTato67
fernanda281327,BlogDoTato67
OdilonTesser,ptnuncamais
goxtosaxim,ptnuncamais
goxtosaxim,neocomunicabh
fernanda281327,ptnuncamais
naskarmit,ptnuncamais
Renato_SVP,ptnuncamais
Dorasil76578668,ptnuncamais
Braph_torres,DilmaResiste
XeniaAntunes,ptnuncamais
luciamoura00,prmaduro
AbdoFortunato,ptnuncamais
katiaduarte,ptnuncamais
DrRobertoSalles,ptnuncamais
OgroRevoltado,BethDAlmeida1
fernanda281327,neocomunicabh
ptnuncamais,neocomunicabh
fitzca,BethDAlmeida1
lobo_mir,annapaimm
MegVinhas,annapaimm
mirquelen,marizetecarrijo
lheiraa,CintiaG63848882
IracemaGouvea,arcofi
AvanteBRSempre,rosalbamatta
ArobertoSa,RicardoFerraco
ArobertoSa,fatimarejanesou
ERFJr59,Hortsy
EllenCris43,TrouxaFavelado
NaracyS,AnaPaul03819007
branquinha4,RicardoFerraco
fernanda281327,AnaPaul03819007
MegVinhas,annapaimm
lobo_mir,annapaimm
cecipsi1,nadia1monteiro
rioszealberto,CintiaG63848882
jslagoa33,AnaPaul03819007
CleuzaBapti,Rilva_inHistMed
Luizpeew,AnaPaul03819007
DereiaSilva,CintiaG63848882
PetitSabino,ximenmalhador
PandaRcds,AnaPaul03819007
Tinhelosa,CintiaG63848882
OLeandroBorges,Satrejunior
miriantedesco,AnaPaul03819007
MegVinhas,annapaimm
vickdw,licia_paz
mjlette2,MascarenhasLu
letrin45,fatimarejanesou
GeizeStella,MascarenhasLu
marinaldo_m,fatimarejanesou
SPFC92932005,CintiaG63848882
venite_adoremus,fatimarejanesou
mmiabac,RicardoFerraco
dilgctricolor,Francischini_
laspinho,CintiaG63848882
PauloRo49195361,tatianafaga
Korinta,fatimarejanesou
CPF_Chala,fatimarejanesou
yellowlucia,fatimarejanesou
noticiasnatela,fatimarejanesou
otofredy,CintiaG63848882
GPronaldo13,AvancaMaconsBR
PAULOPARMM,AvancaMaconsBR
adaped,CintiaG63848882
aparecidapz,CintiaG63848882
seujoca,CintiaG63848882
GPronaldo13,AnaPaul03819007
seujoca,AvancaMaconsBR
PauloRo49195361,beijopai
ManoelRezende3,marisascruz
rosamariaferr10,marisascruz
dyol_fernandes,AnaPaul03819007
PauloRo49195361,lheiraa
PauloRo49195361,CintiaG63848882
JustBira,ximenmalhador
Valmirhedlund,AnaPaul03819007
by_Mariaaa,AnaPaul03819007
corpusanimale,ximenmalhador
nrj68,JoaoBANatal
SPFC92932005,JoaoBANatal
Edilanebornh,ximenmalhador
anonymuos157,carlosreboucasj
fatimarejanesou,paulazanelli
cvntutu,Francischini_
LolaMacedo381,AnaPaul03819007
EduardoDagnoni,AvancaMaconsBR
lheiraa,CintiaG63848882
babimingatos4,Satrejunior
fbcs71,paulacamara_
fbcs71,Hatshepsut_alfa
PatriotaCesar,Hortsy
mpaulaguedes,Hortsy
JustBira,AnaPaul03819007
JustBira,Hortsy
PatrieBob,AnaPaul03819007
gpgaino,VillaMarcovilla
jaqqdia,AnaPaul03819007
rosamariaferr10,Hortsy
csurubatan,ximenmalhador
csurubatan,ximenmalhador
csurubatan,ximenmalhador
lucianomelo1972,JoaoBANatal
ha1000tonolivei,Wudson_
manoelviabrasil,paulacamara_
yellowlucia,josiel_dias
MariaFeistauer,JoaoBANatal
Folhaovento,marisascruz
jjsouzas,josiel_dias
cidadgm1,AvancaMaconsBR
Betacpm,PHenriqueUS16
WwwCesargomes,lourdesflintz
nzmendes1,josiel_dias
SandraC21896300,AvancaMaconsBR
Betacpm,rodrigojfmg1
lucansp,Hortsy
Betacpm,rodrigojfmg1
Betacpm,PauloPhpq
LAERCIORECIFE,AvancaMaconsBR
claudiogm17,AvancaMaconsBR
Korinta,paulazanelli
BordinVania,AvancaMaconsBR
cassiagontijo,VillaMarcovilla
jaqqdia,AvancaMaconsBR
marcimos,paulacamara_
BR_DeTodos200Mi,VillaMarcovilla
filipervbgalvao,paulacamara_
MiLick74,josiel_dias
CortezFilipe,NetoMadneto1
JackieBrumSC,Hortsy
_camomiila,Satrejunior
JackieBrumSC,Francischini_
KnautGisele,Francischini_
blexx777,Francischini_
TemerMitel,virginiasousa
TemerMitel,virginiasousa
TemerMitel,virginiasousa
TemerMitel,virginiasousa
GuedesHandres,Francischini_
antoniobtavares,AnacVentilari
rosinha_dutra,SantosRe2011
dyol_fernandes,Francischini_
brasil_patria,06pitalo
CesarrAraujo,DANNIBITENCOUR
rosesanchesbh,DANNIBITENCOUR
EnesioBelotti,DANNIBITENCOUR
ElisetePena,DANNIBITENCOUR
Terezanotwiter,lourdesflintz
DrRobertoSalles,DANNIBITENCOUR
wellingtonmoura,Hortsy
lelekachikila,DANNIBITENCOUR
MagnoMaltaOfc,DANNIBITENCOUR
euclidesilveira,Hortsy
vitimasBancoop,Hortsy
mjlette2,Hortsy
juditesara,ximenmalhador
CesarrAraujo,Hortsy
J_Eustaquio,Francischini_
jabcorrea,ximenmalhador
AcordouAcordou,DANNIBITENCOUR
Alexmas1,PauloPhpq
ThomazEliz,Francischini_
RafaelPereira_S,AnaPBNM8
lobo_mir,lheiraa
Valbombinhas,CarvAparecida
pnogueiragama,lourdesflintz
cleolyma,lourdesflintz
MauraBaduy,RicardoFerraco
shushirlei,Hortsy
CupRocha,Satrejunior
tinellizu,Hortsy
GPronaldo13,LJacopetti
palestra77,arcofi
awesomenyneus,Satrejunior
soniaparaguassu,Valmirhedlund
pullitzer,ForaPTJa
CleuzaBapti,Francischini_
amourmercimon,prmaduro
CarlusSponder,Francischini_
RoniltonMatos,Francischini_
LolaMacedo381,CortezFilipe
RafaelPereira_S,Fernando_PHN
marcelwachowicz,Francischini_
aldineiaro74,Fernando_PHN
ivonizio,lheiraa
simonesanttos9,Francischini_
DalilaOliveiraR,FelipeSertao
aldineiaro74,Fernando_PHN
Edilanebornh,Francischini_
x5Harmonizerx,Satrejunior
cintiaoi,ximenmalhador
BolsonaroP,Francischini_
DalilaOliveiraR,prmaduro
LolaMacedo381,prmaduro
pawcifyher,Satrejunior
BRsempt,prmaduro
AnnaPSCorrea,FelipeSertao
shushirlei,prmaduro
disneylnds,Satrejunior
DexheimerLia,prmaduro
Ludmilanetto,FelipeSertao
CaioStark_,Satrejunior
dariojjunior,FelipeSertao
Deborah_Ab,andreliotti
claritttty,Satrejunior
taeyeonsxz,ArianosFalando
taeyeonsxz,ArianosFalando
taeyeonsxz,ArianosFalando
taeyeonsxz,ArianosFalando
rosinha_dutra,lourdesflintz
GIVEHABRAKE,Satrejunior
rosinha_dutra,SantosRe2011
NayaraO32194107,RicardoFerraco
jornaldomacico,RicardoFerraco
BARBIEJAUREGUI,Satrejunior
LidPSDBsenado,RicardoFerraco
nancy63885182,Hatshepsut_alfa
writeslaureen,Satrejunior
ohlilice,Satrejunior
vinny_s_s,Collares
VddBrasil,vandonobre
rioszealberto,RicardoFerraco
CeliaPfau,ximenmalhador
rosinha_dutra,lourdesflintz
OhJulhaa,Satrejunior
rosinha_dutra,carlosreboucasj
Montpelier0,RicardoFerraco
Drikaakashi,VillaMarcovilla
Drikaakashi,VillaMarcovilla
WaldjaSilva,RicardoFerraco
ana_e_lisa,paulopontespp
NILOSOUZ,TIAGOTRICOLOR33
edgard_toledo,RicardoFerraco
EuCidadaemPe,RicardoFerraco
anamelieee,marisascruz
belaccioy,FelipeSertao
belaccioy,RicardoFerraco
PauloRo49195361,TIAGOTRICOLOR33
MegVinhas,paulazanelli
DuuLima23,RicardoFerraco
QuimShed,vandonobre
QuimShed,vandonobre
TmFlavio,RicardoFerraco
_NaoVaiTerCopa,TIAGOTRICOLOR33
PaulaVanuccy,RicardoFerraco
LuanaSophia1990,vandonobre
_NaoVaiTerCopa,TIAGOTRICOLOR33
_NaoVaiTerCopa,TIAGOTRICOLOR33
marcosadiehl,RicardoFerraco
_NaoVaiTerCopa,paulazanelli
psdb45rs,bancadaPSDBrs
jjc_carvalho,VillaMarcovilla
jjc_carvalho,VillaMarcovilla
SandraMariaZMon,ximenmalhador
fguilherme77,prmaduro
BiaRMesquita,queacreditaemvc
PAULOPARMM,helenafantini
egloriaa,PartidoAntiPT
tamymeireles2,MundoOncers
valery1001,Senador_Ataides
GPronaldo13,DireitaSempre81
MagriYoga,lourdesflintz
CortezFilipe,ximenmalhador
luciamoura00,lourdesflintz
IbfBispo,lourdesflintz
nilogeronomo,lourdesflintz
Carlos_ASantana,claudiomenewaz
flaviomoraes939,ximenmalhador
flaviomoraes939,ximenmalhador
ocyaradamasio,marisascruz
ebeauclair,paulacamara_
shinesniall,Satrejunior
dyol_fernandes,ximenmalhador
LeonardoFM11,mitags
jfcomenale,ximenmalhador
PGriselide,queacreditaemvc
amandapiva,Satrejunior
IbfBispo,ximenmalhador
TemerBolated,queacreditaemvc
kelicrismor,Ca_Moredi
rik_cesar,Ca_Moredi
BlueGilly,Ca_Moredi
rangellarissa,Satrejunior
4576e71cffb243b,vlbrasiloficial
mishamigosz,Satrejunior
CeliaPfau,Ca_Moredi
0_marcia,ximenmalhador
ester_abrahao,SantosRe2011
CidaCasm,Fernando_PHN
JustBira,ximenmalhador
bhlinux,prmaduro
lauro_imai,ximenmalhador
stsuhanova30892,sozercod
esperancaetica,VillaMarcovilla
esperancaetica,VillaMarcovilla
fabianofavero,VillaMarcovilla
AnisterjaneFerr,ximenmalhador
jefer234,ximenmalhador
marinaldo_m,ximenmalhador
mercadopcoes,VillaMarcovilla
mercadopcoes,VillaMarcovilla
L4dyCat,Satrejunior
itsborgia,Satrejunior
Nandaa_Rezendee,Satrejunior
CortezFilipe,VillaMarcovilla
MManuellysilva,GlNAINDELICADA
MManuellysilva,GlNAINDELICADA
rosesanchesbh,vempraruaminas
joneslauriano,prmaduro
CortezFilipe,VillaMarcovilla
dhaas_,VillaMarcovilla
dhaas_,VillaMarcovilla
sergiosnogueira,VillaMarcovilla
rosangela_bolze,VillaMarcovilla
rosangela_bolze,VillaMarcovilla
RolimSkyl,VillaMarcovilla
alfeugularte,VillaMarcovilla
RolimSkyl,VillaMarcovilla
RolimSkyl,VillaMarcovilla
rosangela_bolze,VillaMarcovilla
rosangela_bolze,VillaMarcovilla
rosangela_bolze,VillaMarcovilla
rosangela_bolze,VillaMarcovilla
rosangela_bolze,VillaMarcovilla
rosangela_bolze,VillaMarcovilla
goodforvoce,Satrejunior
CortezFilipe,prmaduro
BIGKARL4,paulazanelli
Delsonfontany,prmaduro
MegVinhas,prmaduro
maira203,ursogalli
amoralarryst,Satrejunior
Rafaela21543391,Satrejunior
teixeira_fd,carlosreboucasj
wesley_aju,JuizSergioMoro
Ale_Varella,VillaMarcovilla
nerecasa,revoltadoonline
jaquesantossena,FABAO_SENA
clarihonorio,Satrejunior
JustBira,mitags
mariacristtina4,ziamfetus
brasil_patria,queacreditaemvc
rebeccaoIiveira,Satrejunior
LucianeLazzarin,BlogDoTato67
CRFabizinha,Satrejunior
luciamoura00,queacreditaemvc
MegVinhas,mitags
illtreatme,Satrejunior
Paintscap2,Satrejunior
mundodsmandalas,lourdesflintz
soniaparaguassu,Valmirhedlund
soniaparaguassu,Valmirhedlund
teiasobral,ximenmalhador
AnnaApl,Valmirhedlund
ma_sobrinho,Satrejunior
Emeferr,marisascruz
pegasus_340,marisascruz
NILOSOUZ,carlosreboucasj
miguelitamarsil,marisascruz
cassinha_azeved,VillaMarcovilla
hudsondesouza11,CortezFilipe
bonnieximena,marisascruz
rulhas,marisascruz
Oilleer,marisascruz
hudsondesouza11,marisascruz
GIFFONIBRAVO,marisascruz
DelsonbpvGore,paulacamara_
unicorniobare,Satrejunior
ErmesonOliver,Satrejunior
taeanonimy,Satrejunior
MatildeCavalca3,ximenmalhador
bfgbota,ximenmalhador
AntonioACParras,fattoritam
RafaRodriCampo,Hatshepsut_alfa
Sueli044Suely,ANTI_PTRALHAS
juliagoncalv3s,Satrejunior
rioszealberto,chrisshishiro
edson26307715,VillaMarcovilla
LiaAraujo19,VillaMarcovilla
lemossamuel_,EduardoStrobel
marconitarso,VillaMarcovilla
feguerrag,barbaramedsen
amourmercimon,queacreditaemvc
salesluisa10,Satrejunior
CHdecastro10,paulacamara_
Nathalhona,Satrejunior
Fresca_Belieber,Satrejunior
3PPPEDRO,paulazanelli
nostagt,Satrejunior
coloradomesmo,paulazanelli
Maxvernochi,VillaMarcovilla
rosacrossi,ximenmalhador
critico_lost,giovane_matos
FRAMBORGES,idelmondes
sandrar33276132,ximenmalhador
filgueiras1,BR45IL100PT
cardoso_mour,VillaMarcovilla
EduSanchez10,VillaMarcovilla
TmFlavio,Hatshepsut_alfa
juanthunes,Satrejunior
lwuisee,Satrejunior
rosa_morena2015,JuizSergioMoro
Ramesojalves,MidiaNINJA
Euriclea25,ptbrasiI
RamomFil,RogerioCorreia_
Tonfonseca,Buchada_de_Bode
lulyflemming,RogerioCorreia_
anamerchanc1,jeanwyllys_real
M_Perucci,ptbrasiI
Durval13PT,ptbrasiI
RamomFil,RogerioCorreia_
RamomFil,Buchada_de_Bode
mariaap94213193,blogdoailton
dratelo,jeanwyllys_real
tpequeno,RogerioCorreia_
RogerioCorreia_,Buchada_de_Bode
geraldosales02,ClaudiaColares
CleytondeMelo,ClaudiaColares
Wenderson_RF,esmaelmorais
MariClaraeVan,jeanwyllys_real
MisterViii,Srta_Iozzi
maibdom,RogerioCorreia_
NilvaSader,vanessasenadora
telalapa,ptbrasiI
amacell,helianeferreira
FfabiolaOcampo,nedicr56
AureliceT,ZerbinatoRoseli
Alves_valeria,AngelJones_RJ
TG_Meirelles,AngelJones_RJ
cosmaia,MudaMais
binnamariano,cbaraodeitarare
neilaterra,cbaraodeitarare
Klimt_Brasil,Buchada_de_Bode
robertogomes13,oConsciente
FfabiolaOcampo,Mr_Machado
Klimt_Brasil,AngelJones_RJ
eugeniafalcao,MudaMais
FfabiolaOcampo,vanessasenadora
itala_mcq,Srta_Iozzi
FfabiolaOcampo,sscavalheiro
SpolidoroVera,MudaMais
FfabiolaOcampo,marcaoifcs
elianemaga,MudaMais
ADALFISIO,MudaMais
jacare59,RogerioCorreia_
necabettio,AngelJones_RJ
neylopesmachado,EneidaFerraz
fabbc1576dd2458,esmaelmorais
OLHOPT,PEComDilma13
Klimt_Brasil,Buchada_de_Bode
AisleiMedeiros,ZerbinatoRoseli
AlfredoRebello,Buchada_de_Bode
Durval13PT,oConsciente
francaverdade,RogerioCorreia_
dccsxz,Srta_Iozzi
ProfAnaRosaBuna,Buchada_de_Bode
agadanymanu,Buchada_de_Bode
SoraniCosta,Buchada_de_Bode
Klimt_Brasil,Buchada_de_Bode
Ze_Galinhas,luindarkness
_vilhenas,jdeandradeneto
1964nempensar,MudaMais
HelenaLages,ptbrasiI
marlidzdz59,cbaraodeitarare
rmoura_adv,MudaMais
CiCkelly,ptbrasiI
JotaKar,mirtes_costa
Don_Carloo,RogerioCorreia_
renediana2014,MudaMais
diegokantor,jeanwyllys_real
agadanymanu,ZerbinatoRoseli
marcogregori58,RogerioCorreia_
_Ana_CaroIina_,semprealimac
amacell,jeanwyllys_real
guterresalex,MuriloGalvaao
joaopaulo_pt,FrenteBRPE
agadanymanu,Buchada_de_Bode
Ddenise_Br,Buchada_de_Bode
hallesclaudio,RogerioCorreia_
FileGalo,MidiaNINJA
jucilenedasil20,Buchada_de_Bode
solcaetanocost1,professorGabes
anabrau,j_livres
carmemsouza,cbaraodeitarare
newmaramendonca,cbaraodeitarare
trezeano,oConsciente
NaoGolpe,avozds
Tereza47,cbaraodeitarare
_Ana_CaroIina_,Nikitabashkirt
dourado_samuel,RogerioCorreia_
zembruskif,MudaMais
binnamariano,hudsoncunha
luiseluciana,blogdoailton
eugeniafalcao,mluciares
mazinhoatitude,Buchada_de_Bode
Fabiano_30,RogerioCorreia_
dionianjos,MidiaNINJA
marcogregori58,parafrentebrasi
LeneLapa,MudaMais
guimaraes13PT,Nikitabashkirt
vanessavbarbosa,MidiaNINJA
anabrau,jeanwyllys_real
Cidadaodopovo,cbaraodeitarare
dionianjos,MidiaNINJA
_Ana_CaroIina_,gylrangel
CintiaLimaGonzg,uneoficial
jomarlov,jdeandradeneto
paulocsrpedroso,MuriloGalvaao
AguiarNeyda,AngelJones_RJ
AguiarNeyda,ClaudiaColares
Chapolin1984,MudaMais
carmemsouza,MudaMais
marcogregori58,Buchada_de_Bode
lindomartiangua,ptbrasiI
lenorecosta,MudaMais
Cidadaodopovo,Buchada_de_Bode
Pittydominatrix,Buchada_de_Bode
AnaSanches,jeanwyllys_real
gbsantos351,ZerbinatoRoseli
jucilenedasil20,Buchada_de_Bode
solcaetanocost1,oobservadorbr
Dra_Simone,RogerioCorreia_
Escrotizador1,MudaMais
PilarFazito,MuriloGalvaao
mluciares,MidiaNINJA
dionianjos,Buchada_de_Bode
Klimt_Brasil,RogerioCorreia_
AurelioPerna,ZerbinatoRoseli
HBJR8,MVM_News
Dudinhafer_,jeanwyllys_real
Jecebento13,ZerbinatoRoseli
dionianjos,Buchada_de_Bode
josedmedina_,jeanwyllys_real
NilvaSader,MuriloGalvaao
MarceloACoelho1,RogerioCorreia_
rairibeirof,MudaMais
Cidadaodopovo,Buchada_de_Bode
igiabas,jeanwyllys_real
franca_rodrigo,jeanwyllys_real
marinildac,mluciares
newmaramendonca,jdeandradeneto
LoboTeresinha,MudaMais
Tereza47,RogerioCorreia_
FileGalo,LulaBonitao
Fabiano_30,PTnaCamara
HumiMadalena,semprealimac
Tereza47,avozds
VICENTINHOPT,ZerbinatoRoseli
Cidadaodopovo,MidiaNINJA
mmuniz100,esmaelmorais
sudornelles,jeanwyllys_real
mariaap94213193,ZerbinatoRoseli
mluciares,MidiaNINJA
HBJR8,MudaMais
Blog_Tendencias,jeanwyllys_real
Drykkas,semprealimac
Cidadaodopovo,Buchada_de_Bode
Riobaldo,jeanwyllys_real
NilvaSader,RogerioCorreia_
mariaap94213193,Buchada_de_Bode
LoboTeresinha,cbaraodeitarare
Fagoncalves_,jeanwyllys_real
Nikitabashkirt,MuriloGalvaao
verabottino,jeanwyllys_real
HumiMadalena,MuriloGalvaao
Chapolin1984,MudaMais
isacnyc20,jeanwyllys_real
mluciares,MidiaNINJA
Geane37170181,Buchada_de_Bode
mariaap94213193,Buchada_de_Bode
LuaSantis,mluciares
_Ana_CaroIina_,WonderrNessa
_Ana_CaroIina_,esmaelmorais
HBJR8,RogerioCorreia_
MarcianoBrito13,MudaMais
GotyGoreti,RogerioCorreia_
ambasouza,mluciares
mariade_ca,jeanwyllys_real
Ramme65,uneoficial
PortalSapabonde,jeanwyllys_real
samucabks,Buchada_de_Bode
EmersonPardo,jeanwyllys_real
QueirozEliete,Nikitabashkirt
_Ana_CaroIina_,jeanwyllys_real
alessandraas,uneoficial
LuLopesx,gylrangel
paulomonarco1,jeanwyllys_real
marlidzdz59,Buchada_de_Bode
ReneFerreira19,Buchada_de_Bode
newmaramendonca,RogerioCorreia_
neylopesmachado,esmaelmorais
_Ana_CaroIina_,avozds
pablo_php_herna,FrenteBRPE
EldenilsonM,jeanwyllys_real
roberiocordeiro,Buchada_de_Bode
jkoshow,avozds
dourado_samuel,EneidaFerraz
vanessavbarbosa,mluciares
jaugustpb,jeanwyllys_real
rubensoficial1,hudsoncunha
joaodonida,ptbrasiI
juliangiud,PTnaCamara
solcaetanocost1,lenecezar
EdmilsonOlivei8,MuriloGalvaao
vanessavbarbosa,MudaMais
SCarvalho75,cbaraodeitarare
paulomonarco1,Buchada_de_Bode
FranciscoGremio,MudaMais
AliceTartaglia,ptbrasiI
Ailafoara,jeanwyllys_real
FranciscoGremio,MudaMais
newmaramendonca,RogerioCorreia_
erikamorhy,jeanwyllys_real
CheZeGuevara,Nikitabashkirt
elnuevomariscal,jeanwyllys_real
JaquedeCamargo2,jeanwyllys_real
Mari_Stylinson6,Srta_Iozzi
sra_perola,jeanwyllys_real
citizenkane_,mluciares
FfabiolaOcampo,SergioSGTF
tarciana,ptbrasiI
MarceloACoelho1,ptbrasiI
Vlog_do_Varela,cbaraodeitarare
aquim_maria,avozds
___annik__,MudaMais
marcogregori58,Buchada_de_Bode
FranciscoGremio,MudaMais
dnrazevedo,jeanwyllys_real
rose38705916,MudaMais
IZILDAMARIADE,oConsciente
LauraTM_MV,Buchada_de_Bode
GolpeNuncaMais,mluciares
neylopesmachado,MuriloGalvaao
FernandoCesar77,MuriloGalvaao
SCarvalho75,Buchada_de_Bode
francaverdade,jeanwyllys_real
JulioMarx33,jeanwyllys_real
francaverdade,Buchada_de_Bode
Tereza47,teresaleitao_
luiseluciana,oConsciente
TEDLOVE46,ptbrasiI
Figurinando,jeanwyllys_real
robertogomes13,hudsoncunha
marco1956,cbaraodeitarare
anamarciajf,jeanwyllys_real
FranciscoGremio,oConsciente
tpequeno,ClaudiaColares
maibdom,MudaMais
MabelTov,ptbrasiI
Marcola1910,esmaelmorais
l1ttlepatience,cbaraodeitarare
TEDLOVE46,jeanwyllys_real
beto_guedespb,LulaBonitao
wagnerbsb,esmaelmorais
XaraDaNaPaula,ptbrasiI
kleeberrs,jeanwyllys_real
RamiroOliveir19,MudaMais
Rangel_Lucia,Buchada_de_Bode
claralimax_x,jeanwyllys_real
AbelDadoFaleiro,j_livres
AnnaLuGama,avozds
rosy_charo,MuriloGalvaao
neylopesmachado,cbaraodeitarare
LeonardRams,MudaMais
M_Perucci,jeanwyllys_real
robertogomes13,ptbrasiI
Pitellli,avozds
DryMCZ,cbaraodeitarare
francaverdade,LulaBonitao
juciano,jeanwyllys_real
miolliveiras,jeanwyllys_real
robertogomes13,crisestiloativo
pecamaroti,jeanwyllys_real
arte_prima,WonderrNessa
IzaltinoZ,jeanwyllys_real
OLHOPT,doidomgPT13
marcelacsbh,MudaMais
claudiaspacheco,LulaBonitao
francaverdade,blogdoailton
marioscand,ptbrasiI
MarceloACoelho1,MudaMais
hscosta76,jeanwyllys_real
bel_bru,jeanwyllys_real
heec,jeanwyllys_real
suelenoliver321,jeanwyllys_real
luciabortolazzo,ptbrasiI
wagnerfce,uneoficial
Simplicidade_so,EneidaFerraz
Geena_Davis1979,jeanwyllys_real
mariaap94213193,esmaelmorais
AdeliaBeling,jeanwyllys_real
roberiocordeiro,RogerioCorreia_
toyenlacalle,cbaraodeitarare
Diegopinheiro,jeanwyllys_real
IZILDAMARIADE,Buchada_de_Bode
GEsmanhoto,Srta_Iozzi
Nikitabashkirt,Buchada_de_Bode
mariaap94213193,SergioSGTF
anaguimaraesfs,RogerioCorreia_
iltonzl,RogerioCorreia_
beto_guedespb,ptbrasiI
nitiarax,Srta_Iozzi
biellopes29,jeanwyllys_real
SoraniCosta,MidiaNINJA
MarceloACoelho1,MudaMais
maricruz_pass,jeanwyllys_real
mgracasilvasa,MudaMais
pilihsacconi,Buchada_de_Bode
LoboTeresinha,RogerioCorreia_
mislene1305,Buchada_de_Bode
flaviohenriqu85,cbaraodeitarare
wagnerbsb,ptbrasiI
SheilaM1998,MuriloGalvaao
dejavoubrasil,MudaMais
MarceloACoelho1,MudaMais
defesadaverdade,DilmaResiste
CiroAdams,MudaMais
mabel_ecos,avozds
ngelakirchner,MudaMais
betosantos64,ClaudiaColares
lulyflemming,cbaraodeitarare
ErikaLacerda,cbaraodeitarare
iltonzl,RogerioCorreia_
defesadaverdade,RogerioCorreia_
edlianysioli,jeanwyllys_real
DmorenaP,Buchada_de_Bode
feelipebfr,jeanwyllys_real
luciabortolazzo,MudaMais
kallilolv,avozds
amaliafina5,cbaraodeitarare
elima671a,Buchada_de_Bode
garridotiago,MidiaNINJA
felipe_cazuza,jeanwyllys_real
beto_guedespb,esmaelmorais
F1Dos,ptbrasiI
janpsipeace,uneoficial
esquimoale,jeanwyllys_real
iran_vale,Buchada_de_Bode
VanessaBaroli,jeanwyllys_real
sefeol,RogerioCorreia_
egolpesim,cbaraodeitarare
defesadaverdade,RogerioCorreia_
MardoneRego,jeanwyllys_real
sefeol,RogerioCorreia_
eugeniafalcao,jeanwyllys_real
JoceyrR,ClaudiaColares
cris_tiele,semprealimac
leivamoura,blogdoailton
janetefra123,jeanwyllys_real
FabioMelo18,cbaraodeitarare
LoboTeresinha,RogerioCorreia_
defesadaverdade,ptbrasiI
sefeol,Buchada_de_Bode
GolpeNuncaMais,MudaMais
pauloavas,FrenteBRPE
marioscand,ptbrasiI
AdeliaBeling,esmaelmorais
ktrem10,ptbrasiI
obsate,oConsciente
AnaElisia01,MidiaNINJA
SheilaM1998,ptbrasiI
joaodonida,jeanwyllys_real
mhelenaRS,MudaMais
Peter_Lyra,MVM_News
SrThato,MuriloGalvaao
RaimaFontenele,MuriloGalvaao
PJararaca,MudaMais
LoboTeresinha,RogerioCorreia_
defesadaverdade,ptbrasiI
DmorenaP,esmaelmorais
marioscand,Buchada_de_Bode
RubenSergioAlda,MuriloGalvaao
arte_prima,GuyBrasil
finomaravilha,seuAlgoz
marioscand,Buchada_de_Bode
amdeus,ptbrasiI
amdeus,cbaraodeitarare
Tiburzio,jeanwyllys_real
GENIVALDUARTE1,doidomgPT13
doce_dias,esmaelmorais
amdeus,MudaMais
Cricamg,Buchada_de_Bode
AnaElisia01,MudaMais
claudiaspacheco,LulaBonitao
PJararaca,MudaMais
gilmardarosa,MidiaNINJA
jeanfeliper,jeanwyllys_real
amdeus,MidiaNINJA
mhelenaRS,MidiaNINJA
rmarizete,cbaraodeitarare
negraolucas,jeanwyllys_real
tebetmarcia,semprealimac
pauloavas,RogerioCorreia_
tebetmarcia,Buchada_de_Bode
MariaSwab,MuriloGalvaao
J_Gondim,MidiaNINJA
tebetmarcia,Buchada_de_Bode
guiven79,Buchada_de_Bode
tebetmarcia,Buchada_de_Bode
juliangiud,MVM_News
apesar_de_vc,jeanwyllys_real
eduromasequeijo,cbaraodeitarare
tebetmarcia,Buchada_de_Bode
amdeus,MuriloGalvaao
cris_guimaraes,jeanwyllys_real
J_Gondim,MVM_News
SerginhoRicardo,jeanwyllys_real
Felipefado,jeanwyllys_real
LimaUvaLaranja,ptbrasiI
manacoelho,jeanwyllys_real
Vilmafrana,Buchada_de_Bode
DmorenaP,Buchada_de_Bode
ClaLima,levantepopular
WonderrNessa,Buchada_de_Bode
ClaLima,ptbrasiI
Aurorodriguesj,Buchada_de_Bode
Carlosgrupon8,blogdoailton
tiagoocaetano,jdeandradeneto
aperval,RogerioCorreia_
tebetmarcia,Buchada_de_Bode
diraholanda,LulaBonitao
tebetmarcia,Buchada_de_Bode
br_green_heart,hudsoncunha
tebetmarcia,Buchada_de_Bode
Klimt_Brasil,blogdoailton
wagnerbsb,Buchada_de_Bode
tebetmarcia,Buchada_de_Bode
MarcianoBrito13,cbaraodeitarare
vaniacury,semprealimac
maria_possa,Buchada_de_Bode
J_Gondim,Buchada_de_Bode
marcos__dantas,MuriloGalvaao
marciaqcaldas,cbaraodeitarare
roselyfsoares,FrenteBRPE
sonia_divinaa,j_livres
Leila_Argollo,esmaelmorais
marcos__dantas,esmaelmorais
coimbramariap,cbaraodeitarare
ReginaRamao,MidiaNINJA
br_green_heart,MidiaNINJA
lucrjviola,MuriloGalvaao
diraholanda,MuriloGalvaao
aperval,MuriloGalvaao
LimaUvaLaranja,Buchada_de_Bode
garcialealsp,WonderrNessa
LimaUvaLaranja,Buchada_de_Bode
rose_m_rocha,cbaraodeitarare
GEsmanhoto,uneoficial
ReginaMagalhes9,semprealimac
AisleiMedeiros,EsquerdaValente
CarlosMoraes19,Buchada_de_Bode
Julio_Fisherman,esmaelmorais
LimaUvaLaranja,Buchada_de_Bode
Simplicidade_so,MidiaNINJA
FernandoJLSales,PTnaCamara
Julio_Fisherman,MuriloGalvaao
coimbramariap,MidiaNINJA
FaimaLima,mirtes_costa
mariaap94213193,oConsciente
ronny_oficial1,Buchada_de_Bode
arte_prima,d_hatanaka
luizrechzen,PTnaCamara
lucrjviola,j_livres
coimbramariap,MidiaNINJA
mariade_ca,MuriloGalvaao
ronny_oficial1,Buchada_de_Bode
tebetmarcia,Buchada_de_Bode
LeTilli,diImabr
tebetmarcia,Buchada_de_Bode
am_ludovicensis,MuriloGalvaao
leandra_lna,SergioSGTF
HeloiisagPires,AnnaLuGama
luizrechzen,ptbrasiI
PilarFazito,MidiaNINJA
AisleiMedeiros,MudaMais
wagnerbsb,hudsoncunha
wagnerlibar,MuriloGalvaao
mariaap94213193,Buchada_de_Bode
tebetmarcia,Buchada_de_Bode
Marizapaiva,Buchada_de_Bode
tebetmarcia,Buchada_de_Bode
tuitdosantinha,esmaelmorais
ESBR_2,Buchada_de_Bode
CelticDepressao,MidiaNINJA
SouOMaiorDoRS,Buchada_de_Bode
health_donn,Buchada_de_Bode
LuciaAnaPi,cbaraodeitarare
LimaUvaLaranja,Buchada_de_Bode
MarliaFerreir20,vanessasenadora
caroltraves,RogerioCorreia_
AbelDadoFaleiro,PTnaCamara
SoyelinfameDiaz,Buchada_de_Bode
Ze_Galinhas,ptbrasiI
faxina_indaiatu,LulaBonitao
FileGalo,Buchada_de_Bode
vitorino_gyn,Buchada_de_Bode
CarlosMoraes19,Buchada_de_Bode
luisandrefq,esmaelmorais
alissousa,ptbrasiI
mariaap94213193,oConsciente
kcellinn,teresaleitao_
Marizapaiva,Buchada_de_Bode
marcelinojorge,MuriloGalvaao
gera_souza,Srta_Iozzi
mariaap94213193,oConsciente
custodiolima,MudaMais
d09120318e984a6,PTnaCamara
Pitellli,oConsciente
mariaap94213193,oConsciente
GEsmanhoto,esmaelmorais
silsmaniotto,MuriloGalvaao
AbelDadoFaleiro,cbaraodeitarare
marcionemec,levantepopular
perdyhoward,cbaraodeitarare
mmonica_miguez,ptbrasiI
SouOMaiorDoRS,Buchada_de_Bode
cassia_sarno,mirtes_costa
FELIPEDREW51,tontrr
WonderrNessa,esmaelmorais
robertogomes13,hudsoncunha
AbelDadoFaleiro,MVM_News
diraholanda,Buchada_de_Bode
FernandoJLSales,KabralCabral
hannahcovolo,RogerioCorreia_
marcosdesousac1,oConsciente
CarlosMoraes19,Buchada_de_Bode
pgiolli,Buchada_de_Bode
CabocodoMarajo,FabioCebolao
GMChacon,hudsoncunha
adnanelkadri,MuriloGalvaao
Leon_Mota,esmaelmorais
oliverjorna,PTnaCamara
QueirozEliete,cbaraodeitarare
EvandroMirandaB,cbaraodeitarare
ANTONIO75985289,WonderrNessa
AisleiMedeiros,MidiaNINJA
AisleiMedeiros,oConsciente
rofrancesa,ptbrasiI
Vilmafrana,FrenteBRPE
ClaGeneroso,cbaraodeitarare
robertogomes13,Buchada_de_Bode
ubaldobarbosa,cbaraodeitarare
QueirozEliete,LulaBonitao
EDUARDOSOPHOS,PTnaCamara
sergiogau,esmaelmorais
marvili2016,MudaMais
LciaPontes1,ZerbinatoRoseli
fredmelopaiva,cbaraodeitarare
Tereza47,Buchada_de_Bode
GEsmanhoto,obrasilonline
verabottino,MudaMais
marcosdesousac1,Buchada_de_Bode
liamabat,tiacarmela
Rangel_Lucia,PTnaCamara
SoyelinfameDiaz,Buchada_de_Bode
AisleiMedeiros,MudaMais
Leo_Moretti_BS,cbaraodeitarare
Eduardo32526670,Buchada_de_Bode
diraholanda,esmaelmorais
danibacedo,AldoNunes57
Tereza47,Buchada_de_Bode
a_rosa555,cbaraodeitarare
FileGalo,cbaraodeitarare
AisleiMedeiros,MudaMais
doce_dias,MuriloGalvaao
FafaGramacho1,esmaelmorais
GonzagaAmaury,MidiaNINJA
LuaSantis,SergioSGTF
ritaparo13,RogerioCorreia_
MarietaPeixoto1,RogerioCorreia_
MarietaPeixoto1,RogerioCorreia_
JosenildoVelez,esmaelmorais
MarietaPeixoto1,RogerioCorreia_
AntoniaCruzC,ptbrasiI
Rangel_Lucia,ptbrasiI
CELIAMARIAAL,ptbrasiI
Vilmafrana,uneoficial
rubensoficial1,esmaelmorais
Tio_nei,LulaBonitao
Gilbergues,esmaelmorais
Vilmafrana,uneoficial
fisicatrilegal,MidiaNINJA
FernandoJLSales,Buchada_de_Bode
VICENTINHOPT,ZerbinatoRoseli
SpassosRJ,Buchada_de_Bode
Kissi_87,MuriloGalvaao
AldoNunes57,MuriloGalvaao
jfa_netto,esmaelmorais
jackimira,MudaMais
mariaap94213193,MudaMais
iisabelcgs,MidiaNINJA
Eduardo32526670,RogerioCorreia_
bioluciano,cbaraodeitarare
lucas_goulart00,cbaraodeitarare
verabottino,Buchada_de_Bode
mabel_ecos,MuriloGalvaao
ediiaa,RogerioCorreia_
Temerrosa,RogerioCorreia_
iisabelcgs,ptbrasiI
GolpeNuncaMais,Buchada_de_Bode
JaquesDiogo,cbaraodeitarare
Kissi_87,Buchada_de_Bode
algm34038592,Buchada_de_Bode
edvaldoAmeida,Buchada_de_Bode
vividantas62,MudaMais
EvandroMirandaB,hudsoncunha
giocondaosorio,Buchada_de_Bode
edvaldoAmeida,Buchada_de_Bode
marcyaangelyca,cbaraodeitarare
marvictei,FrenteBRPE
AnimandoC,levantepopular
solcaetanocost1,Buchada_de_Bode
alexaubresil,Buchada_de_Bode
freiadelmo,LulaBonitao
mluciares,AldoNunes57
EvandroMirandaB,Buchada_de_Bode
luislins,MuriloGalvaao
Eduardo32526670,Buchada_de_Bode
jackimira,Buchada_de_Bode
SandraCMazzini,ptbrasiI
carolinazey,Buchada_de_Bode
francaverdade,Buchada_de_Bode
Jorge_sculder,MuriloGalvaao
vividantas62,cbaraodeitarare
jackimira,MidiaNINJA
MoniCezimbra,esmaelmorais
heberlia,esmaelmorais
Vilmafrana,MudaMais
lucimarcmendes,RogerioCorreia_
MalenaHC,RogerioCorreia_
GolpeNuncaMais,Buchada_de_Bode
Platinuns,cbaraodeitarare
rosangelasfatim,ptbrasiI
EdvaldoAcre,cbaraodeitarare
dulcehcardoso,Buchada_de_Bode
joaodonida,Buchada_de_Bode
lufaro37,MudaMais
HumiMadalena,Dra_Simone
mariaap94213193,PTnaCamara
MVM_News,cbaraodeitarare
rose38705916,RogerioCorreia_
FernandoJLSales,cbaraodeitarare
jackimira,PTnaCamara
lufaro37,teresaleitao_
AldoNunes57,Buchada_de_Bode
dulcehcardoso,Buchada_de_Bode
joaodonida,SergioSGTF
Diegopinheiro,daniarrais
verabottino,Buchada_de_Bode
Vilmafrana,MidiaNINJA
alesvitsky,esmaelmorais
MajuuCepeda,MudaMais
Geane37170181,RogerioCorreia_
maibdom,Buchada_de_Bode
Tereza47,Buchada_de_Bode
rodrigobonorino,cbaraodeitarare
Temerrosa,LulaBonitao
verabottino,ptbrasiI
rmarizete,esmaelmorais
RubenSergioAlda,Buchada_de_Bode
alissousa,ptbrasiI
fernandoavp,esmaelmorais
mirtes_costa,hudsoncunha
eliezerrocha4,SergioSGTF
jfa_netto,WonderrNessa
fernandoavp,cbaraodeitarare
joaodonida,godbluffo
CELIAMARIAAL,Buchada_de_Bode
pincc33,cbaraodeitarare
marcosdocaranga,cbaraodeitarare
orro007,AnaVilarino1
ezfegundo,MudaMais
dionianjos,crisestiloativo
bhcolin,Buchada_de_Bode
verabottino,Buchada_de_Bode
a_rosa555,ptbrasiI
contatodadea,cbaraodeitarare
MarcianoBrito13,MuriloGalvaao
CiceroRondonp,Buchada_de_Bode
joaodonida,Buchada_de_Bode
caiocgo,cbaraodeitarare
madrianosantos,Buchada_de_Bode
joaosergio,cbaraodeitarare
guiven79,Buchada_de_Bode
EDUARDOSOPHOS,MVM_News
Marcos_FPessoa,Buchada_de_Bode
carmenmaraujo,MarivoneProf
roselyfsoares,Buchada_de_Bode
joaodonida,Buchada_de_Bode
SeadiSara,MuriloGalvaao
madrianosantos,Buchada_de_Bode
ubaldobarbosa,esmaelmorais
Marcos_FPessoa,Buchada_de_Bode
jackimira,MuriloGalvaao
Kissi_87,Buchada_de_Bode
verabottino,Buchada_de_Bode
waltergpinto,Buchada_de_Bode
Marcos_FPessoa,Buchada_de_Bode
zehdeabreu,cbaraodeitarare
profronydias,RogerioCorreia_
jackimira,Buchada_de_Bode
jfsantanasantos,oConsciente
madrianosantos,Buchada_de_Bode
verabottino,Buchada_de_Bode
maibdom,Buchada_de_Bode
trezeano,oConsciente
ValnorHenriques,JenSoares73
Vilmafrana,MidiaNINJA
jackimira,Buchada_de_Bode
belfonseca19,Buchada_de_Bode
waltergpinto,Buchada_de_Bode
AldoNunes57,FabioCebolao
lucimarcmendes,RogerioCorreia_
WonderrNessa,mrschopf
ediiaa,Buchada_de_Bode
mmggoes,Buchada_de_Bode
henriqs_leo,RogerioCorreia_
Greece_St,oConsciente
pilihsacconi,Buchada_de_Bode
celestemartins3,oConsciente
jfsantanasantos,oConsciente
HarisonMorente,cbaraodeitarare
BeteArantes,MudaMais
penaterim,MVM_News
Eduardo32526670,Buchada_de_Bode
jfsantanasantos,Buchada_de_Bode
Matukaj,MuriloGalvaao
Geane37170181,ptbrasiI
rubensoficial1,MudaMais
isacnyc20,MidiaNINJA
Goncalvesaaaju,MudaMais
nacao_off,oConsciente
garcialealsp,godbluffo
luciene_arcanjo,RogerioCorreia_
liamabat,RogerioCorreia_
SandraCMazzini,esmaelmorais
valerialenca,esmaelmorais
ediiaa,anacriraoli
rmoura_adv,RogerioCorreia_
ritaalves2009,ptbrasiI
Pt13Anamaria,MuriloGalvaao
lucimarcmendes,RogerioCorreia_
Marcos_FPessoa,Buchada_de_Bode
89nuncamais,Buchada_de_Bode
rubensoficial1,MudaMais
ReginaRamao,Buchada_de_Bode
Rangel_Lucia,FrenteBRPE
rmoura_adv,MudaMais
verabottino,Buchada_de_Bode
IsaakDinensen,esmaelmorais
Rangel_Lucia,MuriloGalvaao
diva_silva_,MuriloGalvaao
anamarciajf,esmaelmorais
BhraEly,SheylaKouri
kknunes3,esmaelmorais
ACQueiroz1,Buchada_de_Bode
ValnorHenriques,celsoconde10
juliana_jubs,Buchada_de_Bode
marta19and,esmaelmorais
NilvaSader,Dra_Simone
leojunior1,ptbrasiI
tiagoacardoso,cbaraodeitarare
DavidRealSugar,ptbrasiI
rvianna,MuriloGalvaao
joaquimcartaxo,cbaraodeitarare
eliezerrocha4,SergioSGTF
GelFontes,MudaMais
paulomonarco1,esmaelmorais
moema4,Buchada_de_Bode
voliasobral2,Buchada_de_Bode
mariaap94213193,Mayatman
williamjrd,Batalladeideas
GabAlbuquerque,cbaraodeitarare
mmggoes,WonderrNessa
profronydias,Buchada_de_Bode
LuizFBrannco,cbaraodeitarare
rmoura_adv,Buchada_de_Bode
carmenmaraujo,PEComDilma13
Dsrgsc,levantepopular
HarisonMorente,MidiaNINJA
Tucciii,esmaelmorais
rmoura_adv,cbaraodeitarare
celestemartins3,Buchada_de_Bode
Matukaj,MudaMais
ImperialPTSonga,ddantaslemos
paulomonarco1,Buchada_de_Bode
mariaap94213193,MidiaNINJA
CiceroRondonp,Buchada_de_Bode
paulomonarco1,Buchada_de_Bode
I_AC,MuriloGalvaao
Eduardo32526670,Buchada_de_Bode
serplaci,Buchada_de_Bode
JoaocGalo,cbaraodeitarare
dejavudeumpoeta,esmaelmorais
Eduardo32526670,Buchada_de_Bode
CeliaMa65755046,Buchada_de_Bode
CiceroRondonp,MuriloGalvaao
heloizacordovil,Buchada_de_Bode
UmSabeNada,MidiaNINJA
CeliaMa65755046,esmaelmorais
joaodonida,esmaelmorais
andre_info,ptbrasiI
ediiaa,RogerioCorreia_
andre_info,ptbrasiI
wallvaro,Buchada_de_Bode
rorozinholi,MudaMais
mrblackwellrj,Buchada_de_Bode
AdrianoMagesky,ptbrasiI
ernani_neto,MuriloGalvaao
esantos01_s,MVM_News
palmeriodoria,esmaelmorais
AnimandoC,esmaelmorais
JooBenjamimDos2,esmaelmorais
bruno_pinheiro,ptbrasiI
moema4,FrenteBRPE
dainahlovyles,MuriloGalvaao
juliocesaramor,Buchada_de_Bode
juliana_jubs,Buchada_de_Bode
didi_forelsket,Buchada_de_Bode
ritaalves2009,MudaMais
betecamboim,SergioSGTF
bloguedosouza,MidiaNINJA
IAmTamis,samiabomfim
CELIAMARIAAL,Buchada_de_Bode
esantos01_s,PTnaCamara
rorozinholi,cbaraodeitarare
SangueColoradoo,Buchada_de_Bode
Matukaj,PTnaCamara
heliacalaca,ddantaslemos
primasilenciosa,Buchada_de_Bode
juliana_jubs,Buchada_de_Bode
juliana_jubs,Buchada_de_Bode
trajanojorge,ptbrasiI
MabelTov,Buchada_de_Bode
geraldosales02,DaniloTarpani
ritaalves2009,MudaMais
ReginaRamao,MVM_News
crixfa,RogerioCorreia_
clagraca,ptbrasiI
mariaap94213193,RogerioCorreia_
bhcolin,RogerioCorreia_
Cassunungarosa,Buchada_de_Bode
igorcosta1009,SergioSGTF
SOS_RIO,Buchada_de_Bode
dpollyanna7,MuriloGalvaao
Temerrosa,Mavsampaio
mterezavinhal,FrenteBRPE
ivetefranca,ptbrasiI
clagraca,MuriloGalvaao
sergiogau,ptbrasiI
maibdom,MuriloGalvaao
bhcolin,RogerioCorreia_
moema4,MuriloGalvaao
ptsul,MuriloGalvaao
vilanovathiago,ptbrasiI
Rangel_Lucia,MudaMais
vilanovathiago,levantepopular
trajanojorge,Buchada_de_Bode
stanleyburburin,MuriloGalvaao
JongaPereira,Buchada_de_Bode
sonia_divinaa,ptbrasiI
mariaap94213193,RogerioCorreia_
AdeliaBeling,PTnaCamara
heliacalaca,MudaMais
edlondero,Baraujo
juliocesaramor,MuriloGalvaao
lgcury2,cbaraodeitarare
ACQueiroz1,PTnaCamara
wadih_damous,ptbrasiI
juliocesaramor,FrenteBRPE
JongaPereira,oConsciente
LeneLapa,FrenteBRPE
Goncalvesaaaju,ptbrasiI
JulianaLegis,cbaraodeitarare
CacoBrasil2,MuriloGalvaao
XaraDaNaPaula,cbaraodeitarare
deise_gracci,cbaraodeitarare
SOS_RIO,Buchada_de_Bode
Desrecatada,MuriloGalvaao
acfa1968,diImabr
Goncalvesaaaju,ptbrasiI
marcosdesousac1,MuriloGalvaao
juliocesaramor,FrenteBRPE
EDUARDOSOPHOS,oConsciente
Liliane_RosaA,RogerioCorreia_
heliacalaca,cbaraodeitarare
CELIAMARIAAL,Buchada_de_Bode
EDUARDOSOPHOS,frestadajanela
heliacalaca,PTnaCamara
Eduardo32526670,MudaMais
bhcolin,MudaMais
ruacruzada,RogerioCorreia_
juliocmsalgado,cbaraodeitarare
adeltorohr,MudaMais
jfsantanasantos,oConsciente
anacriraoli,cbaraodeitarare
EDUARDOSOPHOS,oConsciente
juliocesaramor,RogerioCorreia_
enteu,cbaraodeitarare
Haadok,oConsciente
tanosjar,cbaraodeitarare
cleidsontex,ptbrasiI
richards091081,RogerioCorreia_
ritaalves2009,MudaMais
waltergpinto,DaniloTarpani
qualquerhuma,daniarrais
LciaPontes1,oConsciente
Bahianinho,uneoficial
rmoura_adv,Buchada_de_Bode
drigocesar81,cbaraodeitarare
CELIAMARIAAL,Buchada_de_Bode
midiatico,FrenteBRPE
juliocesaramor,ptbrasiI
GFranciscabraga,MVM_News
ANTONIO75985289,Politica_Santos
jomaria1745,MidiaNINJA
Patrus_Ananias,cbaraodeitarare
f_17santos,PTnaCamara
dionianjos,RogerioCorreia_
Riobaldo,oobservadorbr
ibeninca8,Buchada_de_Bode
Sandman998,AnnaLuGama
dionianjos,Buchada_de_Bode
maibdom,oConsciente
clagraca,Buchada_de_Bode
rksolucoes123,oConsciente
dionianjos,Buchada_de_Bode
dionianjos,Buchada_de_Bode
dionianjos,Buchada_de_Bode
MarceloPintoBA,Buchada_de_Bode
dionianjos,Buchada_de_Bode
fabriciobsoares,Buchada_de_Bode
vladdico,ptbrasiI
freitasfcm,cbaraodeitarare
guiven79,ptbrasiI
MonseAchigar,RogerioCorreia_
AliciaLuB,MudaMais
clagraca,cbaraodeitarare
MariaCidada1,oConsciente
eliezerrocha4,melvieirav
_Ana_CaroIina_,uneoficial
DiegoRochaPR,MVM_News
EvandroMirandaB,oConsciente
bel_bru,oobservadorbr
VieiMichele,j_livres
lcprestes2016,oobservadorbr
freitasfcm,PTnaCamara
demo_fantasma,oConsciente
markosscea7,MudaMais
afonsopojuca,Buchada_de_Bode
carvalhomav,MidiaNINJA
LciaPontes1,Buchada_de_Bode
mf_nobrega,MudaMais
arquiber,MVM_News
BeneCarrapeta,cbaraodeitarare
murilo_sobral,Buchada_de_Bode
Durval13PT,ptbrasiI
leosquadros,cbaraodeitarare
james_bol,Buchada_de_Bode
CarlosSouzaremo,MidiaNINJA
annamysti,oConsciente
nacao_off,oConsciente
_Ana_CaroIina_,ramonsyllva22
_Ana_CaroIina_,StudioArtCtba
BeneCarrapeta,uneoficial
paulodeetarso,tontrr
henriqs_leo,brunocluna
CRehem,Buchada_de_Bode
cdouglasmartins,MudaMais
f_17santos,cbaraodeitarare
marciam05,MidiaNINJA
evertonvm2,cbaraodeitarare
fabriciasilva29,tontrr
AgmonJunior,Buchada_de_Bode
godbluffo,Buchada_de_Bode
orro007,Buchada_de_Bode
M_Amoedo,Rehjane
_aninhasantoss,DaniloTarpani
mterezavinhal,PTnaCamara
obsate,MuriloGalvaao
Eduardo32526670,Buchada_de_Bode
JongaPereira,oConsciente
LciaPontes1,Buchada_de_Bode
AgeBevilacqua,cbaraodeitarare
RicMat123,uneoficial
f_17santos,Buchada_de_Bode
vladdico,MudaMais
econobrasil,cbaraodeitarare
kazanandrez,cbaraodeitarare
EZombiie,RogerioCorreia_
EvandroMirandaB,Buchada_de_Bode
anamariatelles,MidiaNINJA
romualdogdias,cbaraodeitarare
Greece_St,MudaMais
helderisayama,RogerioCorreia_
SpassosRJ,ptbrasiI
anamariatelles,MudaMais
vladdico,MudaMais
helderisayama,RogerioCorreia_
oliviapilar,cbaraodeitarare
vladdico,Buchada_de_Bode
rksolucoes123,Buchada_de_Bode
lgcury2,MudaMais
aclaudiacnlopes,MidiaNINJA
annamysti,Buchada_de_Bode
mf_nobrega,MudaMais
fabio10brasil,ptbrasiI
Durval13PT,Buchada_de_Bode
GolpeNuncaMais,Buchada_de_Bode
SimoneMBRibeir1,MidiaNINJA
helderisayama,RogerioCorreia_
naturezaemclose,PSOLOficial
acaciocastro,uneoficial
Rituska_,MudaMais
Timao_p_Sempre,MuriloGalvaao
LauraTM_MV,PTnaCamara
EdmilsonOlivei8,Buchada_de_Bode
giocondaosorio,ptbrasiI
Tomandonacuia,ptbrasiI
marciam05,oConsciente
ferri13,ptbrasiI
_Ana_CaroIina_,OBMascaras
ZerbinatoRoseli,AnnaLuGama
helderisayama,MudaMais
rksolucoes123,oConsciente
Emilsonrwerner,Buchada_de_Bode
ALEXSPINOLA,cbaraodeitarare
pintoaju,ptbrasiI
helderisayama,MudaMais
Marcola1910,MidiaNINJA
GFranciscabraga,doidomgPT13
f_17santos,Buchada_de_Bode
emirsader,MidiaNINJA
emerluis,MudaMais
mcleal59,RogerioCorreia_
annamysti,ptbrasiI
_Sarah182,teresaleitao_
RelmeMagno,cbaraodeitarare
luindarkness,melvieirav
amandandbs,MidiaNINJA
_Ana_CaroIina_,carlosedusol
cesarmide,cbaraodeitarare
ponzojunior,MudaMais
LauraTM_MV,cbaraodeitarare
indignacaoexp,RogerioCorreia_
guedesmaayara,MudaMais
_Sarah182,RogerioCorreia_
andreibh,cbaraodeitarare
Coroasso,MudaMais
felipe_cazuza,MidiaNINJA
RIP_1988,j_livres
sscavalheiro,FrenteBRPE
ibeninca8,PTnaCamara
LeciMascarenha3,ptbrasiI
CELIAMARIAAL,matheusfarias_
melizacaramez,PTnaCamara
MarildaAMelo,MidiaNINJA
LLeniseduarte,ptbrasiI
ernani_neto,tiacarmela
melizacaramez,uneoficial
indignacaoexp,RogerioCorreia_
ibaztx,melvieirav
CRehem,Buchada_de_Bode
GealNN,MudaMais
VieiMichele,MidiaNINJA
bloguedosouza,FrenteBRPE
VeronicaArqui,Mayatman
betavox,cbaraodeitarare
Genege012Massa,cbaraodeitarare
MrJohnVoorhees,tontrr
Cassunungarosa,PTnaCamara
AdrianaB1957,Politica_Santos
Amorima94,ptbrasiI
freitasfcm,SergioSGTF
rksolucoes123,Srta_Iozzi
mhcoutinho_48,cbaraodeitarare
gilberto_sassi,cbaraodeitarare
BellucciMarrie,janbrasileiro_
Nilda_ES,cbaraodeitarare
adriano_francaa,tiacarmela
jlasabella,Buchada_de_Bode
1paulomoreira,ptbrasiI
hemaal,PTnaCamara
EfEneida,MudaMais
Aletacoe,MidiaNINJA
tebetmarcia,Buchada_de_Bode
tebetmarcia,Buchada_de_Bode
Galkmim,teresaleitao_
tebetmarcia,Buchada_de_Bode
cornelioalencar,crisestiloativo
midiatico,cbaraodeitarare
_Sarah182,MudaMais
FafaGramacho1,uneoficial
esquilo_,cbaraodeitarare
tebetmarcia,RogerioCorreia_
821Claudia,cbaraodeitarare
MariaCidada1,MudaMais
indignacaoexp,Buchada_de_Bode
reinaldopt13,cbaraodeitarare
ernani_neto,cbaraodeitarare
_Ana_CaroIina_,villa13013
GFranciscabraga,uneoficial
FFrajola,RogerioCorreia_
RIP_1988,cbaraodeitarare
EdmilsonOlivei8,PTnaCamara
Leonard37696862,FrenteBRPE
Hgonzana,RogerioCorreia_
LciaPontes1,tiacarmela
LciaHelenaMenez,cbaraodeitarare
lucimarcmendes,Buchada_de_Bode
americacesar12,MidiaNINJA
monicabsantos5,cbaraodeitarare
LLeniseduarte,ptbrasiI
htakeindaia,cbaraodeitarare
ricardo201611,RogerioCorreia_
_Sarah182,cbaraodeitarare
alinebrandao21,MuriloGalvaao
ppbuxbaum,MidiaNINJA
_Ana_CaroIina_,uneoficial
MagdalenaM21,MudaMais
VieiMichele,MidiaNINJA
Sebastiodosoco4,MudaMais
marciamussa2,MVM_News
marcelo_irineu,cbaraodeitarare
mgonzaguinha,cbaraodeitarare
Marcola1910,j_livres
ruacruzada,MudaMais
bebummineiro,RogerioCorreia_
D4ntcar,Buchada_de_Bode
multishow,tontrr
MarildaAMelo,Baraujo
profsamueljr,cbaraodeitarare
voliasobral2,MudaMais
vdifiore,MudaMais
sscavalheiro,uneoficial
maria_possa,MuriloGalvaao
UmSabeNada,cbaraodeitarare
Socorrofpb,Buchada_de_Bode
cordovaFAPE,cbaraodeitarare
Cassunungarosa,MudaMais
mfostwald,Buchada_de_Bode
tebetmarcia,Buchada_de_Bode
_Ana_CaroIina_,1313luizianne
Quimreis,Srta_Iozzi
maqueteBrasil,cbaraodeitarare
TudoPorAeF,j_livres
JoseNiltonCost3,RogerioCorreia_
mfostwald,Buchada_de_Bode
desbocadaDeBar,cbaraodeitarare
RicMat123,MidiaNINJA
gamesabu92,LuaSantis
ptbrasil,cbaraodeitarare
PersonalEscrito,PSOLOficial
AnaBHMorais,MudaMais
mfostwald,Buchada_de_Bode
ReisNil,Buchada_de_Bode
_Ana_CaroIina_,marceljulio
JoseTiaraju,MudaMais
Katiin,maria_fro
MSARABELO,RogerioCorreia_
NegreirosGil,RogerioCorreia_
levy_nascimento,Srta_Iozzi
FernandaArgent,cbaraodeitarare
Katiin,cbaraodeitarare
joaodonida,Buchada_de_Bode
waltergpinto,godbluffo
francinaldoca18,MidiaNINJA
SturtSilva,cbaraodeitarare
pppppedrrroo145,Buchada_de_Bode
ronneynogueira,MudaMais
gatosarado2016,cbaraodeitarare
ediiaa,MidiaNINJA
rose38705916,Buchada_de_Bode
_Ana_CaroIina_,DaniloTarpani
TMicht,cbaraodeitarare
ltpaivacosta,Buchada_de_Bode
andfior,cbaraodeitarare
BeneCarrapeta,MudaMais
cordovaFAPE,MudaMais
BeneCarrapeta,RogerioCorreia_
iran_vale,crisestiloativo
FernandaArgent,uneoficial
CiCkelly,RogerioCorreia_
SturtSilva,RogerioCorreia_
MSARABELO,RogerioCorreia_
elima671a,RogerioCorreia_
RicMat123,Mayatman
vagnerhutz,MudaMais
Haadok,desbocadaDeBar
vascomunistas,MudaMais
mfostwald,uneoficial
F1Dos,MVM_News
Reality_Xou,godbluffo
SNunes_F,SergioSGTF
mfostwald,cbaraodeitarare
VieiMichele,MidiaNINJA
_Ana_CaroIina_,HeikeWeege
maibdom,cbaraodeitarare
trajanojorge,RogerioCorreia_
james_bol,uneoficial
freitasfcm,MudaMais
joaodonida,cbaraodeitarare
bel_bru,cbaraodeitarare
ptbrasil,MudaMais
GolpeNuncaMais,Mayatman
GFranciscabraga,cbaraodeitarare
marciafsouto,MidiaNINJA
milongapitt,MidiaNINJA
Amorima94,RogerioCorreia_
trajanojorge,RogerioCorreia_
oobservadorbr,cbaraodeitarare
oConsciente,uneoficial
odio_nao,j_livres
fia_tc,RogerioCorreia_
prof_monsalvo,tiacarmela
henriqs_leo,uneoficial
jota_144,RogerioCorreia_
PBtresMeiaCinco,doidomgPT13
rose38705916,Buchada_de_Bode
LauraTM_MV,RogerioCorreia_
Rangel_Lucia,RogerioCorreia_
adriano_francaa,MVM_News
jlasabella,MidiaNINJA
p_resende,MudaMais
FafaGramacho1,MidiaNINJA
henriqs_leo,j_livres
SNunes_F,MuriloGalvaao
henriqs_leo,DilmaResiste
etel1935,ddantaslemos
freitasfcm,RogerioCorreia_
QueirozEliete,RogerioCorreia_
henriqs_leo,AnnaLuGama
Sergio_CPS,MVM_News
joaodonida,MidiaNINJA
tebetmarcia,Buchada_de_Bode
Buchada_de_Bode,RogerioCorreia_
giocondaosorio,MVM_News
leocolins,oConsciente
alexsandraponce,MSubcomandante
arte_prima,SheylaKouri
nelson52265929,MidiaNINJA
CapitalVixES,165b319c7b91483
WGomes191,Sandman998
arte_prima,melvieirav
alexsandraponce,frd_resistencia
ailovetuancosta,SheylaKouri
WeldmanRocha,hilde_angel
maedacanhotinha,DpglassParra
Lelecoutz,Ticostacruz
Lelecoutz,filla_paulo
CapitalVixES,SheylaKouri
Celso_Leite,filla_paulo
IPompermayer,165b319c7b91483
darbio_rubem,marcostalhari
geacarlobc,Sandman998
Lelecoutz,SheylaKouri
anasccp_,dufernandess_
CapitalVixES,SheylaKouri
moema4,hilde_angel
betosantos64,DpglassParra
SergioSantonio,SheylaKouri
LciaCorrea,SheylaKouri
filla_paulo,Sandman998
LciaCorrea,Sandman998
IPompermayer,hilde_angel
fatimaleaum,brasildamudanca
betosantos64,DpglassParra
filla_paulo,SheylaKouri
moema4,flaviojosern
Dalfolinho2,hamenteslivres
maluz_br,fatimabezerra
marcostalhari,filla_paulo
NilvaSader,brasildamudanca
Mais_um_Cara,Sandman998
nelson52265929,Sandman998
moema4,DpglassParra
magnamoreira_,IvanValente
Simplicidade_so,brasildamudanca
Fernando_Negrao,Sandman998
ritaleeparanoic,melvieirav
monicammbarroso,SheylaKouri
LUISALCANTARA,hudsoncunha
tsd_sd,SheylaKouri
elzamariana,Ticostacruz
garcialealsp,filla_paulo
Cassunungarosa,maluca6565
AtitudeNoqueDIZ,MidiaNINJA
marina_tsouza,fatimabezerra
marciaafig,Sandman998
MCCdoBrasil,ClaudiaColares
silvano984,SheylaKouri
MP_Eleonora,Rosaniba
tietadomal,SheylaKouri
crainha,MidiaNINJA
samuels65215613,IvanValente
Aletacoe,MidiaNINJA
RafaelSntos72,IvanValente
kknunes3,IvanValente
NeivaMara,RoseGimenes
AndreiaFranco_,Ticostacruz
Flunatica,CapitalVixES
andopensando,Josuedabreu
coimbramariap,SheylaKouri
gojammaj,frd_resistencia
Odara_10,brasildamudanca
gojammaj,SheylaKouri
AtitudeNoqueDIZ,MidiaNINJA
WeldmanRocha,IvanValente
MARCELGC,Ticostacruz
AbelDadoFaleiro,SheylaKouri
ppentelhao,SheylaKouri
Nil_Lucena,brasildamudanca
coimbramariap,MidiaNINJA
marisebarrosre1,soldadonofront
denpaula,IvanValente
AtitudeNoqueDIZ,MidiaNINJA
BiaSousa39,Ticostacruz
WeldmanRocha,Ticostacruz
Fabianos40,Sandman998
RafaelSntos72,brasildamudanca
IPompermayer,Sandman998
LucioNicolau,Ticostacruz
coimbramariap,Dirlop13
elima671a,SheylaKouri
educastilho7,Sandman998
NeivaMara,frd_resistencia
TeleCineBrasil1,Lamipaiva
Ribeiro54srf,frd_resistencia
kleytonrezende,frd_resistencia
maedacanhotinha,IvanValente
NeivaMara,SheylaKouri
madalenacarpa,filla_paulo
9deazevedo,IvanValente
Timao_p_Sempre,frd_resistencia
Lessajt,Lamipaiva
Timao_p_Sempre,frd_resistencia
arte_prima,frd_resistencia
moema4,marcostalhari
AurelioArturo15,Lamipaiva
Ceissa_Med,DeputadoFederal
nick_iannic,Lamipaiva
moema4,Lamipaiva
marcostalhari,brasildamudanca
filla_paulo,marcostalhari
jucilenedasil20,Sandman998
Lessajt,CapitalVixES
marciaafig,MidiaNINJA
Mais_um_Cara,AnnaLuGama
aneliram_gomes,brasildamudanca
sassabaraju1,ivanabentes
rsantostuitter,brasildamudanca
EloiVenerando,NITIFA
Lulala2018,CapitalVixES
Yghacci,Lamipaiva
moema4,IvanValente
rgribel,etamundo
Simplicidade_so,marcostalhari
Lulala2018,DeputadoFederal
turquim5,Lamipaiva
moema4,Dra_Simone
Cassunungarosa,IvanValente
ArajoDarcy,Ticostacruz
vilins_,Ticostacruz
taniaeginaramos,Ticostacruz
WGomes191,SheylaKouri
sylviaLunkes,RiellaTania
Lulala2018,IvanValente
JprcamposR,frd_resistencia
filla_paulo,Dra_Simone
Mais_um_Cara,frd_resistencia
berntbr,ivanabentes
f_17santos,marcostalhari
fatimaleaum,DpglassParra
ednacanaa,brasildamudanca
Mofiliz,SheylaKouri
BhzKika,brasildamudanca
moema4,brasildamudanca
ophiokhos201213,MidiaNINJA
joomikhail,IvanValente
coimbramariap,DeputadoFederal
BRFEANDR,IvanValente
LoboTeresinha,brasildamudanca
JoceyrR,DeputadoFederal
PatativaMoog,brasildamudanca
Simplicidade_so,frd_resistencia
DricaCamaraRio,brasildamudanca
Odetesilvia,tiacarmela
Liagyn,_SilTorres
RodP13,brasildamudanca
ernani_neto,frd_resistencia
miguelreginaldo,ngelakirchner
rosa_vicentee,Dra_Simone
FURUKAVA,filla_paulo
Sandman998,mirtes_costa
Etenajlroyal,ngelakirchner
BRFEANDR,moizez01
AtitudeNoqueDIZ,Dra_Simone
moema4,frd_resistencia
ednacanaa,DeputadoFederal
marcostormenta,midiacrucis
RitaMir92722040,frd_resistencia
HomeroSobrinho,Dirlop13
BRFEANDR,SheylaKouri
Carlosgrupon8,brasildamudanca
ednacanaa,SheylaKouri
msborrasca,daniellucio_pro
sanzthi,ClaudiaColares
AndreiKauer,frd_resistencia
MellTinoco,filla_paulo
prof_Lena,brasildamudanca
iaconstante,fatimabezerra
necunha,SheylaKouri
lilibezerra13,SheylaKouri
Lia64Lia,Aldenira13
PauloTruglio,fatimabezerra
elianemaga,Aldenira13
PauloTruglio,Aldenira13
betosantos64,Aldenira13
luizamenezes13,frd_resistencia
SpinaOficial,frd_resistencia
denise_depaula,MidiaNINJA
AtitudeNoqueDIZ,DeputadoFederal
AnnaS_Gdottir,Aldenira13
AnnaLuGama,fatimabezerra
zzezeh,SheylaKouri
iaconstante,brasildamudanca
moema4,frd_resistencia
AtitudeNoqueDIZ,DeputadoFederal
gervasiodarocha,165b319c7b91483
mercio,SheylaKouri
aloysiopqp,ptbrasil
moema4,RitaMir92722040
filla_paulo,SheylaKouri
IPompermayer,FaimaLima
iaconstante,Sandman998
elima671a,filla_paulo
gervasiodarocha,165b319c7b91483
sofrenciavondy,diImabr
concursadasesa,hudsoncunha
IPompermayer,Elaine196919
neuzavieiraa,SheylaKouri
geraldoazevedof,SheylaKouri
marzenaide,rofrancesa
betogrossi,suzileao
revoluti0,MortadelaAtomic
f_17santos,mirtes_costa
Taranto52,ivanabentes
Jhanadiva,diImabr
rmoura_adv,SheylaKouri
dourado_samuel,SheylaKouri
AtitudeNoqueDIZ,DeputadoFederal
Haadok,filla_paulo
AtitudeNoqueDIZ,DeputadoFederal
AtitudeNoqueDIZ,DeputadoFederal
AtitudeNoqueDIZ,DeputadoFederal
AtitudeNoqueDIZ,DeputadoFederal
ValeriaLessaMot,oBarbudinho
Odetesilvia,danibacedo
PosseSemVoto,virtudecidadani
Odracyra,VanRegia13
sandrabullockf5,PortalNoArBR
ValeriaLessaMot,DilmaResiste
f_17santos,AnnaLuGama
AtitudeNoqueDIZ,DeputadoFederal
AtitudeNoqueDIZ,DeputadoFederal
ThiagoLudita,frd_resistencia
MarantoBR,Sandman998
alexaubresil,DeputadoFederal
aloysiopqp,SheylaKouri
AtitudeNoqueDIZ,DeputadoFederal
JoceyrR,SheylaKouri
iriabarradas,SheylaKouri
Dra_Simone,SheylaKouri
CSA1103,Sandman998
CSA1103,claudiomenewaz
LciaPontes1,DeputadoFederal
aneliram_gomes,AngelJones_RJ
elainepaulobar1,fatimabezerra
filla_paulo,humbertocostapt
pabloamorim27,cutnacional
pabloamorim27,uneoficial
geraldosales02,filla_paulo
nadia__c,brasildamudanca
pabloamorim27,diImabr
marqueskdu,AnnaLuGama
ElaneRochaSouza,Odracyra
pabloamorim27,humbertocostapt
LciaPontes1,AnnaLuGama
pabloamorim27,MidiaNINJA
pabloamorim27,MidiaNINJA
CSA1103,SheylaKouri
RegeaneFerreira,DeputadoFederal
pabloamorim27,Sandman998
pabloamorim27,claudiomenewaz
pabloamorim27,brasildamudanca
NoCeuENaTerra,SheylaKouri
JoceyrR,filla_paulo
pabloamorim27,fatimabezerra
pabloamorim27,Sou_SouTricolor
pabloamorim27,SheylaKouri
pabloamorim27,SheylaKouri
pabloamorim27,IvanValente
pabloamorim27,AnnaLuGama
anafariaaaa,rahmoutinho
duarte_lize,DeputadoFederal
chmoreira,oBarbudinho
beleleuleleu,LuaSantis
AguiarNeyda,SheylaKouri
Marcola1910,MidiaNINJA
diraholanda,frd_resistencia
Simplicidade_so,SheylaKouri
bunda_reaca,SheylaKouri
Helio_Aquino7,DeputadoFederal
sonia_divinaa,joaoluciomjr
Paforet,SheylaKouri
AtitudeNoqueDIZ,filla_paulo
IsraelAlmeida,AnnaLuGama
pascoalzarzoso,AngelJones_RJ
AtitudeNoqueDIZ,Durval13PT
pascoalzarzoso,janbrasileiro_
Alex_spa_,RitaMir92722040
diraholanda,marcostalhari
ESBR_2,Blancalling
liamabat,joaoluciomjr
Paforet,DeputadoFederal
ESBR_2,MiriamOnofrio
ribeiro_pabloh,lucianagenro
Sylviobello,AngelJones_RJ
CARMINHABRANCO,filla_paulo
syllriberto,ProletarioNews
ManinhoLeite,MidiaNINJA
marcos77332211,MidiaNINJA
Timao_p_Sempre,suzileao
NigerMamba,SheylaKouri
Cassunungarosa,MidiaNINJA
angelinafcoelho,ediiaa
PatativaMoog,Dirlop13
conect_godinho,o_colecionador
Cassunungarosa,AnnaLuGama
IsraelAlmeida,Sandman998
Alex_spa_,brasildamudanca
Aurorodriguesj,suzileao
ingridmariana,MidiaNINJA
liamabat,tiacarmela
ComDilmaComLula,fatimabezerra
beto_guedespb,SheylaKouri
mulhergorila,hugobbezerra
Aurorodriguesj,SheylaKouri
BorninBR,ProletarioNews
Lulala2018,MidiaNINJA
deialana,AnnaLuGama
artsauerpianist,janbrasileiro_
BorninBR,MidiaNINJA
ruthvieira,DeputadoFederal
IsraelAlmeida,soldadonofront
juliangiud,SheylaKouri
juliangiud,SheylaKouri
ericalima32,suzileao
IsraelAlmeida,tiacarmela
juliangiud,SheylaKouri
rabelo_marizita,DeputadoFederal
patrola25,ProfLeLeal
arildofh,_SilTorres
fermar1109,DeputadoFederal
CentralCursoss,ruaiso
Lulala2018,guidorezende
Alex_spa_,frd_resistencia
GFranciscabraga,AnnaLuGama
Vmachado6,Lilicorrea
duard,Mavsampaio
RegeaneFerreira,hudsoncunha
PTnoSenado,AnnaLuGama
ManinhoLeite,MidiaNINJA
ComDilmaComLula,soldadonofront
Timao_p_Sempre,SheylaKouri
RodapeDoPiG,betopaes13
RegeaneFerreira,MidiaNINJA
ComDilmaComLula,Sandman998
edsondkdireito,MidiaNINJA
ravennamoraes,MidiaNINJA
JulioLimaPT,DeputadoFederal
Josuedabreu,DeputadoFederal
moema4,RitaMir92722040
mulhergorila,suzileao
marcos77332211,SheylaKouri
elisduvi,MortadelaAtomic
Caroll_Oliva,RitaMir92722040
ManinhoLeite,RitaMir92722040
f_17santos,MidiaNINJA
OnesioMiguel,SheylaKouri
ERIKAHELLEN9,suzileao
erivanraposo,_SilTorres
__beeeck,vesgoleo
Sangue_Latino,suzileao
Alessafortuna,Aldenira13
CarolinaYsef,suzileao
carmenmaraujo,suzileao
jucilenedasil20,ClaudiaColares
LLeniseduarte,suzileao
ALZIRALOPES18,suzileao
lulimorais,suzileao
wanderley999,MidiaNINJA
arte_prima,midiacrucis
EvertonAlmeyda,MidiaNINJA
fragaaaf,SheylaKouri
wanderley999,MidiaNINJA
terezajacinta,uneoficial
mcleal59,MidiaNINJA
carmenmaraujo,RitaMir92722040
NigerMamba,SheylaKouri
LciaPontes1,midiacrucis
danibentancor2,_SilTorres
newmaramendonca,SheylaKouri
ManinhoLeite,suzileao
cornelioalencar,_SilTorres
edsondkdireito,_SilTorres
midiacrucis,_SilTorres
Jrg_Lima,suzileao
AndrFigueired13,SheylaKouri
LciaPontes1,SheylaKouri
AndrFigueired13,SheylaKouri
ArturPBarbosa,MidiaNINJA
carmenmaraujo,ClaudiaColares
caabien,vesgoleo
WeltonCAlves,SheylaKouri
_ribeiro_ana,Mau_Petralha
LeCommunard,Josuedabreu
mmuniz100,SheylaKouri
cassiano_moura,suzileao
LuidyLully,vesgoleo
nemojaime,filla_paulo
Cricamg,Josuedabreu
necabettio,SheylaKouri
JoceyrR,Josuedabreu
MarcosMazoni,Sandman998
Cellones_,SheylaKouri
Caroll_Oliva,SheylaKouri
ValnorHenriques,brasildamudanca
necabettio,midiacrucis
RaulSilvestre,frd_resistencia
LciaPontes1,SheylaKouri
monicammbarroso,Sandman998
Mariabevilaqua,DilmaResiste
ValnorHenriques,brasildamudanca
vovomaluquinha,SheylaKouri
adju7,MidiaNINJA
_ttauan,vesgoleo
newmaramendonca,midiacrucis
LeiteCarolinaa,MidiaNINJA
ManinhoLeite,fatimabezerra
JuliNadir,SheylaKouri
ana_benossi,vesgoleo
mariaeunicesra,brasildamudanca
marildaolivnasc,MidiaNINJA
Helio_Aquino7,janbrasileiro_
msborrasca,fatimabezerra
DIREITAEUVOUVER,DeputadoFederal
WaldenirXavier,bastos211
RaimundoAngelim,mirianweber
mtn_gi,vesgoleo
socorrosales,brasildamudanca
Tg_247,MidiaNINJA
marildaolivnasc,LuaSantis
DIREITAEUVOUVER,brasildamudanca
Leandro_Miguel,janbrasileiro_
TudoPorAeF,guidorezende
alessandrosimas,fatimabezerra
brunoabj,astropussey
sergio02128802,Fatnegao
necabettio,brasildamudanca
LciaPontes1,frd_resistencia
mariaap94213193,janbrasileiro_
HeyGuel,Aldenira13
lenecezar,Aldenira13
Marcola1910,frd_resistencia
rubinhopires,gustavograminho
Geraldosadz,suzileao
0217k2015,janbrasileiro_
ralvescampos,Mavsampaio
saguasmoraes,janbrasileiro_
ALZIRALOPES18,iisabelcgs
BleyLacerda,bastos211
CrazyForDilma,suzileao
ESBR_2,iisabelcgs
WaldenirXavier,suzileao
xavier0765,nntclayton
saguasmoraes,AngelJones_RJ
ruaiso,brasildamudanca
PauloVinicius65,MidiaNINJA
MarildaAMelo,MidiaNINJA
ritaalves2009,brasildamudanca
FileGalo,Aldenira13
JULIOCFFERREIRA,bastos211
LeCommunard,brasildamudanca
LeCommunard,Mavsampaio
monica_pass,arcostabsb
hemattos,MidiaNINJA
valdirnascrec,MidiaNINJA
kilkerry48,MidiaNINJA
matheuzo96,brasildamudanca
valdirnascrec,diImabr
511921hgq,hamenteslivres
DIREITAEUVOUVER,brasildamudanca
faxina_indaiatu,iisabelcgs
cmedeiros,MidiaNINJA
cmedeiros,fatimabezerra
guilherminaramo,DilmaResiste
JoceyrR,zezaestrela
DIREITAEUVOUVER,Mavsampaio
sulesp,NITIFA
elima671a,MidiaNINJA
Supervisora,nntclayton
JCRSOUZA,brasildamudanca
FURUKAVA,fatimabezerra
nemojaime,brasildamudanca
elianemaga,filla_paulo
AnaFaguaga,brasildamudanca
janesjorge,MortadelaAtomic
sexxxhazza,ivoutombar
manoel_honoratt,Aldenira13
mmuniz100,RoseGimenes
heliacalaca,fatimabezerra
melizacaramez,Sandman998
Almeida_Uno,MortadelaAtomic
educastilho7,filla_paulo
TudoPorAeF,marialicefreit2
heliacalaca,brasildamudanca
lcmoura,MortadelaAtomic
PauloEugenioPT,brasildamudanca
AnnaAnnakscosta,fatimabezerra
BelemSjp,LuaSantis
SilvioCTalavera,MidiaNINJA
carlosffrank,Luisa_Stern
Aldenira13,fatimabezerra
jennifer162713,MidiaNINJA
ernani_neto,Mavsampaio
Rangel_Lucia,Josuedabreu
pesquisas2010,MortadelaAtomic
auricbranco,MidiaNINJA
jennifer162713,filla_paulo
CartasMarottas,hamenteslivres
Leonek_,DilmaResiste
auricbranco,MidiaNINJA
moema4,Josuedabreu
shiwinha,DeputadoFederal
fraca_abusada,Josuedabreu
ronneynogueira,DeputadoFederal
adauri,DeputadoFederal
adauri,oBarbudinho
guguiam,fatimabezerra
tainaslm,MidiaNINJA
vaniacury,brasildamudanca
poloni_ana,gabiiol
geacarlobc,NITIFA
edmilsopt,fatimabezerra
Etenajlroyal,DeputadoFederal
fabiolafonte1,brasildamudanca
4ndFC,janbrasileiro_
ElenaSeger,DeputadoFederal
Vianaarte,zezaestrela
gu_afonso,VolneyAlbano1
PTnoSenado,fatimabezerra
msborrasca,soldadonofront
betopaes13,MidiaNINJA
Mconfirma,fatimabezerra
msborrasca,suzileao
rabelo_marizita,NITIFA
denisearcoverde,brasildamudanca
edisonmunhozrj,Mavsampaio
ppentelhao,brasildamudanca
doutorchefe,MidiaNINJA
aldosm44,hamenteslivres
Supervisora,brasildamudanca
rabelo_marizita,hamenteslivres
ppentelhao,brasildamudanca
denisearcoverde,DeputadoFederal
wicketoliver,MidiaNINJA
newmaramendonca,midiacrucis
ppentelhao,DeputadoFederal
BrantRoberto,DeputadoFederal
filla_paulo,MidiaNINJA
Rangel_Lucia,brasildamudanca
elima671a,DeputadoFederal
BleyLacerda,frd_resistencia
ReginaGondim1,DeputadoFederal
lucasfranco,merdesigner
VeronicaHelenas,Paulimbh
edisonmunhozrj,Sandman998
costa_leda,janbrasileiro_
BleyLacerda,brasildamudanca
eu_lpp,MortadelaAtomic
ReginaGondim1,joaoluciomjr
AlineStevanatto,rofrancesa
guguiam,hamenteslivres
luciana_onofre,MidiaNINJA
ligiaflordelis,NITIFA
dorafilha,fadaropalazini
moema4,blogdoprofex
dorafilha,Mavsampaio
ReginaGondim1,oBarbudinho
Rangel_Lucia,brasildamudanca
BleyLacerda,brasildamudanca
CRehem,NITIFA
AndreiKauer,NITIFA
SILVANAFERRAZ49,NITIFA
jucaramteixeira,esmaelmorais
remodest,sebastiaoasouza
jucaramteixeira,linneydias
baptista_rose,marcostalhari
jucaramteixeira,Leonardosni
LciaPontes1,hamenteslivres
filo1717,Lena_Mello
rabelo_marizita,Amorima94
LciaPontes1,HDr_Z7
BinhoNeves,hamenteslivres
BleyLacerda,zezaestrela
katiamar7,semioticas
lulamorais,MidiaNINJA
Lulivianna,NITIFA
marcosdesousac1,hamenteslivres
sergioghc,hamenteslivres
esfera_celulose,ProletarioNews
1SRochaS,brasildamudanca
rochinha13,Mavsampaio
dilmista,zezaestrela
aldosm44,Aldenira13
Sangue_Latino,NITIFA
ernani_neto,brasildamudanca
binnamariano,sebastiaoasouza
mikikarvalho,MidiaNINJA
turquim5,hamenteslivres
DeixeE,LuaSantis
MarioLucioMG,brasildamudanca
HSILVA39,kellinha2016
GioRodrigues1,filla_paulo
MMiguelBH,Amorima94
turquim5,NITIFA
vovomaluquinha,ProfLeLeal
M_Angel_2016,AnnaLuGama
rmarizete,MidiaNINJA
VictorLouSan,brasildamudanca
FernandoPrrn,AngelJones_RJ
oPeFalante,DricaCamaraRio
filo1717,MidiaNINJA
DIVABREU,mrschopf
SergioPRibeiroF,joaoluciomjr
rmarizete,Lamipaiva
AndrFigueired13,deverde13
vlaoaot,filla_paulo
n21232530,Sou_SouTricolor
elanosena,brasildamudanca
clairzeni,brasildamudanca
FlaRobSal,DeputadoFederal
GioViana71,Amorima94
ALZIRALOPES18,brasildamudanca
mhelenaRS,marcostalhari
Olavo5Olavo,MidiaNINJA
SergioPRibeiroF,brasildamudanca
yellowsweater_,lucianagenro
henrique_jmo,Amorima94
neylopesmachado,Mavsampaio
DavidTeixeira11,DricaCamaraRio
Jaqueli87167182,fatimabezerra
rsgomes1971,Sou_SouTricolor
chicomeneses_pi,turbo2001trak
lcmoura,brasildamudanca
vaniacury,Amorima94
turquim5,Amorima94
rodrigodemell13,LuaSantis
frulanis,Sou_SouTricolor
MARCIO1301,rodrigoekerma
midiacrucis,DricaCamaraRio
neylopesmachado,Sou_SouTricolor
filo1717,brasildamudanca
midiacrucis,Mavsampaio
esquerdotado,arcostabsb
devesonmota,brasildamudanca
jcsdaniel,sebastiaoasouza
carmemsouza,IvanValente
nadir_melo,DeputadoFederal
AnaConcli,Mavsampaio
neylopesmachado,brasildamudanca
Quimreis,gamaaires
AnaConcli,IvanValente
midiacrucis,solange_igarash
seontasa,HDr_Z7
ToniBulhoes,kellinha2016
MarceloUeki,solange_igarash
adriano_francaa,LuaSantis
MarcioBeyer,claudiomenewaz
juliocesaramor,brasildamudanca
patativaparana,brasildamudanca
anaguimaraesfs,brasildamudanca
filo1717,DeputadoFederal
adriano_francaa,solange_igarash
LiciaCarmen,turbo2001trak
JanaMarchon,chico_dangelo
CeliaMa65755046,humbertocostapt
Fabianos40,AndreaRBMota
Fabianos40,oBarbudinho
ArimateiaMacedo,ClaudiaColares
esquerdotado,LuaSantis
GuilhermeTom,claudiomenewaz
CapitalVixES,brasildamudanca
MirnaRibeiro1,MidiaNINJA
agadanymanu,Dra_Simone
araujosergio,filla_paulo
Carlosgrupon8,brasildamudanca
rsgomes1971,Fatnegao
maluz_br,NITIFA
filla_paulo,claudiomenewaz
RosaDiniz_1,gamaaires
MarcosASSinf,MidiaNINJA
Marines_ss,janbrasileiro_
robertogomes13,marcostalhari
dallvaolliver,janbrasileiro_
GuilhermeHruby,ddilma
AGGREGARE3471,MidiaNINJA
valleleila9,MidiaNINJA
vlaoaot,DeputadoFederal
carolmart99,Sandman998
anapiracicaba,frd_resistencia
carlosmheraclio,MidiaNINJA
sob_efeito,EngCas
vlaoaot,arcostabsb
cnunesc,arcostabsb
AnaConcli,filla_paulo
nobre_silvio,claudiomenewaz
sebastiaoasouza,LuaSantis
aldeianago,etamundo
LucasVPN011,brasildamudanca
ManinhoLeite,MidiaNINJA
LucasVPN011,esmaelmorais
jcsdaniel,MidiaNINJA
byanapatricia,DeputadoFederal
filo1717,brasildamudanca
filo1717,ReginaSalomo
pedruss,brasildamudanca
BellucciMarrie,Fatnegao
AGGREGARE3471,turbo2001trak
AGGREGARE3471,joaoluciomjr
marciav2015,brasildamudanca
rairibeirof,AngelJones_RJ
cleberlr75,brasildamudanca
brunnoralph,HDr_Z7
Marcelocpz46,MidiaNINJA
511921hgq,mluciares
LciaPontes1,Fatnegao
ertrevisan,DilmaResiste
jho_sl,joaoluciomjr
ellismello,brasildamudanca
lucimarcmendes,Sandman998
rivillaca,frd_resistencia
DanielDcmjr,Fatnegao
GlayCanedo,DeputadoFederal
pedronelito,brasildamudanca
Paivasil,brasildamudanca
annitadias,MidiaNINJA
sandradinyz,brasildamudanca
solcaetanocost1,oBarbudinho
NatRedante,Sandman998
SamaroneFlu,hudsoncunha
PauloBa88656680,anielucy25
511921hgq,DeputadoFederal
IrenicePinheiro,janbrasileiro_
Pris_sz,janbrasileiro_
geacarlobc,mrschopf
LucioNicolau,zededao13
PosseSemVoto,DeputadoFederal
Emilsonrwerner,brasildamudanca
vemveralua,arcostabsb
EstradadoMarRS,DeputadoFederal
linneydias,marinete_leite
fxramos,MidiaNINJA
filla_paulo,DeputadoFederal
Bjasanhadadobar,brasildamudanca
sonia_divinaa,DilmaResiste
MarinesMoura,DeputadoFederal
turquim5,DeputadoFederal
marcia_mattos,MariluParreiras
rose38705916,brasildamudanca
cappozzi,brasildamudanca
JULIOCFFERREIRA,marcostalhari
Garygaribaldi,ClaudiaColares
J_Gondim,brasildamudanca
PedroWestDre,brasildamudanca
turquim5,ReginaSalomo
dallvaolliver,DeputadoFederal
mary_joy_morais,suzileao
alexsandraponce,mrschopf
geacarlobc,humbertocostapt
turquim5,brasildamudanca
marinamellob,mluciares
edsonmneto721,etamundo
vlaoaot,WonderrNessa
edsonalmeida,DeputadoFederal
jcsdaniel,humbertocostapt
CosmeHenriqueRJ,filla_paulo
ricardo29587495,ArimateiaMacedo
nemojaime,frd_resistencia
WALNEICSANTOS,janbrasileiro_
rachelinee,janbrasileiro_
PauloBa88656680,etamundo
saya_jina,humbertocostapt
VelindaDe,DeputadoFederal
moema4,etamundo
fraca_abusada,janbrasileiro_
cris_amarantte,arcostabsb
fraca_abusada,turbo2001trak
dezbora,turbo2001trak
dezbora,janbrasileiro_
mary_joy_morais,mluciares
Brasil_comS,turbo2001trak
EstradadoMarRS,janbrasileiro_
SouToledo,MidiaNINJA
panjokermeso,arcostabsb
CacoBrasil2,turbo2001trak
sonia_machado,arcostabsb
nemojaime,claudiomenewaz
flaviomuller,janbrasileiro_
GalbinoVolnei,brasildamudanca
JoselitoCarnei3,turbo2001trak
patilins,MidiaNINJA
waldemberg10,PortalNoArBR
turquim5,etamundo
Leon_engler,lucianagenro
Gustavocalovi,Mavsampaio
PauloBa88656680,mirtes_costa
mariathais2015,brasildamudanca
sergio_pm,filla_paulo
beto_guedespb,AngelJones_RJ
LciaPontes1,humbertocostapt
modairarubio,humbertocostapt
LFeministe,humbertocostapt
dionianjos,humbertocostapt
VddBrasil,vandonobre
Cristia89821702,filla_paulo
nunescfreitas,Yghacci
patribeiro0,ProletarioNews
ritacrtm,HDr_Z7
DaenerysDrakkar,Mavsampaio
lilibezerra13,Dra_Simone
barrinhojambo,jofagner
511921hgq,humbertocostapt
lilibezerra13,MidiaNINJA
VelindaDe,humbertocostapt
Etenajlroyal,soldadonofront
FarrEstanislau,MidiaNINJA
dionianjos,Rosaniba
MaiaTiane,DeputadoFederal
ALZIRALOPES18,humbertocostapt
ALZIRALOPES18,humbertocostapt
Rodolfo88037115,MidiaNINJA
J_Gondim,HDr_Z7
Adrianasscamar1,DeputadoFederal
VelindaDe,MidiaNINJA
ALZIRALOPES18,Rosaniba
jcsdaniel,MidiaNINJA
RicoPDA,ANPUH
ALZIRALOPES18,MidiaNINJA
J_Gondim,filla_paulo
ALZIRALOPES18,humbertocostapt
LUCIABESSA,MidiaNINJA
marinamellob,ArimateiaMacedo
MarccioC128,DeputadoFederal
Rodolfo88037115,filla_paulo
J_Gondim,DeputadoFederal
jcsdaniel,filla_paulo
OlafAssis,DeputadoFederal
anielucy25,DeputadoFederal
JoselitoCarnei3,DeputadoFederal
eurobo9,suzileao
SpinaOficial,frd_resistencia
Kitri1,brasildamudanca
flaviohenriqu85,suzileao
511921hgq,DeputadoFederal
dezbora,filla_paulo
msborrasca,WonderrNessa
Simplicidade_so,DeputadoFederal
flaviohenriqu85,MidiaNINJA
filla_paulo,DeputadoFederal
reginaldoprates,humbertocostapt
leocolins,filla_paulo
rigobertaf,MidiaNINJA
okik012,WonderrNessa
filla_paulo,mirtes_costa
ALZIRALOPES18,humbertocostapt
CosmeHenriqueRJ,janbrasileiro_
ALZIRALOPES18,MidiaNINJA
leocolins,janbrasileiro_
flaviohenriqu85,mirtes_costa
VelindaDe,DeputadoFederal
luizmuller,DeputadoFederal
SpinaOficial,Mavsampaio
SpinaOficial,AngelJones_RJ
elielsonsilva,brasildamudanca
mersonanjos,filla_paulo
sonia_divinaa,janbrasileiro_
necunha,janbrasileiro_
silentvelcro_,merdesigner
MarcosSedassari,humbertocostapt
SpinaOficial,brasildamudanca
RosaDiniz_1,mluciares
rubenimiranda,janbrasileiro_
joorodrigues16,filla_paulo
mersonanjos,brasildamudanca
filla_paulo,DeputadoFederal
luizmuller,janbrasileiro_
andregoleador95,frd_resistencia
Voupracuba,Sandman998
geisafilosofia,Sandman998
geacarlobc,DeputadoFederal
rubenimiranda,suzileao
magnesio,oBarbudinho
LisaKatia,rofrancesa
adriano_francaa,LuaSantis
magnesio,DeputadoFederal
JoaoGGuariento,brasildamudanca
marcosrc_geo,WonderrNessa
Canedo,WonderrNessa
lenecezar,DeputadoFederal
AguiarNeyda,Lelecoutz
bdfreitas,MortadelaAtomic
luanacostalk,MidiaNINJA
moema4,WonderrNessa
CosmeHenriqueRJ,Sandman998
alexaubresil,MidiaNINJA
joorodrigues16,filla_paulo
AguiarNeyda,brasildamudanca
mjsrego,brasildamudanca
sandradinyz,brasildamudanca
EVOLUTWEET,etamundo
tucano171,MidiaNINJA
AgenciadaNo,suzileao
vovomaluquinha,tiacarmela
CunhaJules,soldadonofront
QuimShed,vandonobre
geacarlobc,LeCommunard
GioViana71,Lelecoutz
PBtresMeiaCinco,MidiaNINJA
necunha,brasildamudanca
jcsdaniel,_SilTorres
QuimShed,vandonobre
ESBR_2,Lelecoutz
renato30848724,AngelJones_RJ
josuepsilvaps,Mavsampaio
Jacck13,marialicefreit2
LuanaSophia1990,vandonobre
geacarlobc,_SilTorres
SamaroneFlu,Sandman998
beatnikqueen,tiacarmela
AguiarNeyda,brasildamudanca
flaviohenriqu85,AngelJones_RJ
ailovetuancosta,brasildamudanca
joorodrigues16,LuaSantis
NiltonMarioMira,LuaSantis
Dalfolinho2,brasildamudanca
HarisonMorente,Mavsampaio
deyandri,LuaSantis
patativaparana,brasildamudanca
antunes_celeste,hudsoncunha
AlexSan27160491,Sandman998
AurelioPerna,Sandman998
antunes_celeste,suzileao
MarcosSedassari,DeputadoFederal
NiltonMarioMira,betopaes13
mary_joy_morais,betopaes13
Aldenira13,marcostalhari
AguiarNeyda,claudiomenewaz
PauloBa88656680,marcostalhari
AurelioPerna,brasildamudanca
filla_paulo,Sandman998
nenemeneghini,brasildamudanca
JotaKar,midiacrucis
NiltonMarioMira,Mavsampaio
andregenis,AngelJones_RJ
RosaDiniz_1,betopaes13
AlineStevanatto,AngelJones_RJ
turquim5,brasildamudanca
kleude_Diniz,deolhonotemer
LoboTeresinha,brasildamudanca
NiltonMarioMira,LuaSantis
PauloBa88656680,soldadonofront
AlexSan27160491,Sandman998
marcosrc_geo,Mavsampaio
hamiltonribeiro,frd_resistencia
okik012,Mavsampaio
PauloBa88656680,LuaSantis
ralvarezdj,marcostalhari
Canedo,Mavsampaio
florpimenta,AngelJones_RJ
2018_Lulala,Sandman998
DeiseQuintilia1,AngelJones_RJ
AnnaAnnakscosta,nona_alves
ChartresClaudia,zezeweiss
RoseMouraLima,Mavsampaio
FABIOACEVEDORO4,Mavsampaio
turquim5,AngelJones_RJ
SAGGIO_2,LuaSantis
turquim5,Mavsampaio
Alex_spa_,WonderrNessa
adamariza,soldadonofront
helenpoa,Sandman998
MarxVinicius13,LuaSantis
ibfrancini,LuaSantis
arte_prima,LuaSantis
CarlosAMVianna,lucianagenro
adamariza,esmaelmorais
Fabiano_30,MidiaNINJA
eurobo9,JNitao
necabettio,Robertaandradee
CosmeHenriqueRJ,Sandman998
PauloBa88656680,MidiaNINJA
MarxVinicius13,LuaSantis
leonardobv,165b319c7b91483
moema4,LuaSantis
Dra_Simone,Sandman998
AnnaAnnakscosta,soldadonofront
verachvatal,MidiaNINJA
MarxVinicius13,Durval13PT
Caio_Rszilv4,taviao
odio_nao,MidiaNINJA
filla_paulo,LuaSantis
mary_joy_morais,13Incomodando
AnnaAnnakscosta,betopaes13
filla_paulo,MidiaNINJA
ChartresClaudia,Mavsampaio
filla_paulo,LuaSantis
VanRegia13,soldadonofront
PauloBa88656680,zezaestrela
MellTinoco,Peter_Lyra
MariaCidada1,Sandman998
kcellinn,frd_resistencia
mareenatittanos,Sandman998
mary_joy_morais,filla_paulo
AnnaAnnakscosta,Robertaandradee
KlausDecort,betopaes13
MariaTerezaNav1,MiriamOnofrio
