niallceqci,EtreBr
AdrianaDriRio,EtreBr
MARTINSRJ1,EtreBr
STavareis,jessicadu00
marciagomessil1,kekaavelar
fontesgilberto,eduardomaluf2
rob_scholz,EtreBr
apoitia_du,marchezan_
a_rj1,EtreBr
Canmeira,EtreBr
Carmen_Gua,marchezan_
RobGreenFields,kekaavelar
felipebritofb,EtreBr
GigioThomaz,marchezan_
EltonApollo,marchezan_
EltonApollo,EtreBr
MauricioMLO,kekaavelar
ALblini,marchezan_
danigotesman,marchezan_
waltinhoradio,marchezan_
Foraptdilma,marchezan_
danpontes999,EtreBr
caitum,EtreBr
ronaldoliveira2,marchezan_
GIFFONIBRAVO,marchezan_
davidfcesar,kekaavelar
LeonardoFM11,EtreBr
matheusft82,marchezan_
alves_truz,EtreBr
ef96d509580b484,marchezan_
abadeduda,marchezan_
Reginar_r,marchezan_
GuaracidaCruz,marchezan_
talitatrainer,marchezan_
hudsondesouza11,marchezan_
gigioedudu,marchezan_
tiagocamassutti,marchezan_
alvim93,marchezan_
Nelson_Harter,marchezan_
MARGARETHALBUQU,marchezan_
goxtosaxim,marchezan_
DefesaHetero,kekaavelar
BordinVania,marchezan_
luciaturchetto,EtreBr
Cellofla45,marchezan_
JokerBH666,marchezan_
caboff1,EtreBr
rafaeldmatheus,marchezan_
adijsantos,marchezan_
Hwidger,EtreBr
anaalmeidaca38,kekaavelar
ninarosacorrea,marchezan_
AcordouAcordou,kekaavelar
MauricioMLO,EtreBr
RenatoKedson,marchezan_
MancheteReal,marchezan_
MauricioMLO,marchezan_
euudisseque,claudiorobsilva
lobaoeletrico,marchezan_
earcarmona,marchezan_
AcordouAcordou,EtreBr
AcordouAcordou,marchezan_
rakelmaia55,EtreBr
ThomasAlencar11,alexcdias06
rebecajulia17,reaciago
sountilurmine,reaciago
demattosmonica,jusgarcia
seibel10,marchezan_
Bruno_Lams,jusgarcia
belfonseca19,DilmaResiste
LeoCastroMat,marchezan_
MarchemosBrasil,annapaimm
MegVinhas,annapaimm
claudemir19791,robertaelke
Arcamargo70,marchezan_
milconcei,r_inforzato
New_Delia,r_inforzato
motter_ja,robertaelke
parabensatodos,robertaelke
1Notadade,marchezan_
AdrianaDriRio,robertaelke
DenniscafeZz,robertaelke
rbuobu,marchezan_
CleuzaBapti,marchezan_
emerson_carlos,JosRicardo14
MarcoCampelo,marchezan_
cpidopt,marchezan_
alanferrazrj,JosRicardo14
ChrisTheBoy_,robertaelke
Mimy_2014,robertaelke
mariagcas,marchezan_
FBI_NOTICIAS,robertaelke
joeoficial2014,robertaelke
MarcusVini_17,robertaelke
Anadi_Paula,robertaelke
horandivando,JERRYGUILAU
marilumgon,marchezan_
marcelospfcbt,robertaelke
jacksonsimoes,marchezan_
TopTV_Brasil,robertaelke
washing38204826,OiIindona
alanferrazrj,robertaelke
Marlene_Senna,DilmaResiste
AndreaFigueired,marchezan_
PaulGilmar,marchezan_
br12ro,marchezan_
otaviopaz,marchezan_
marcelincoelho,guilherme__rios
Marcosguaiba,marchezan_
koramulata,_Lavoisier
Foxnews1,marchezan_
fataloliveira1,marchezan_
geacarlobc,DilmaResiste
JongaPereira,DilmaResiste
fabioq,wagnerborgesjr
nelsonspartacus,marchezan_
BcAlemao,marchezan_
_NaoVaiTerCopa,marchezan_
marcelomformiga,marchezan_
fabiocs,marchezan_
mildignos,marchezan_
DuuLima23,marchezan_
marcia_umari,marchezan_
dalvinha47,marchezan_
SeiSei0,marchezan_
letrin45,marchezan_
Tom_brz,marchezan_
Dehavasan,marchezan_
sandrassabino,marchezan_
AndreDecoy,NumFod
themaloya,marchezan_
livbuk22,DilmaResiste
DrRobertoSalles,marchezan_
mariovgomes,marchezan_
Silvio_MKT,marchezan_
lula_oliveira,htfigueira
dellFerraz,marchezan_
JulianoSMendes,marchezan_
Rituska_,DilmaResiste
zaninella,marchezan_
AdrianoLourenco,marchezan_
FabiAgenteCIA,marchezan_
danmunakata,marchezan_
gdugomes,marchezan_
JDarzone,marchezan_
Geraldo_Olivera,marchezan_
AyurvedaPoa,marchezan_
Rabbits_ca,DilmaResiste
pinheirolettici,marchezan_
PORTO_Nat,thepatricao
PanchRapha,Wanderson_Panch
PanchRapha,Wanderson_Panch
PanchRapha,Wanderson_Panch
letrasLTDA,marchezan_
Gabrielgalura,marchezan_
Chiwizz1,marchezan_
aparecidapz,marchezan_
obrasil_e_nosso,ptnuncamais
OsvladPereira,marchezan_
TO_DE_OLHO,marchezan_
guidomelo1,DilmaResiste
RumoCertoSim,andreliotti
RumoCertoSim,_Lavoisier
writeslaureen,zjmdark
lourdesmsantos,DilmaResiste
PaulXbrow2,liviagomesfono
tpequeno,DilmaResiste
nizetticardoso,JoaoBANatal
h_jordon,DilmaResiste
LauraVieiraDias,DilmaResiste
WallaceLarri,DilmaResiste
JoceyrR,DilmaResiste
fabistrada,cacildanc
Brasangola_,DilmaResiste
ZeferinoJanio,marchezan_
voliasobral2,DilmaResiste
fcarravetta,marchezan_
MaxBrasil2000,patggou1
euzenidwelder,DilmaResiste
JoeClementino,patggou1
Odara_10,DilmaResiste
CleytondeMelo,DilmaResiste
gatosarado2016,DilmaResiste
pedroceleste,DilmaResiste
carmemsouza,DilmaResiste
luis13vieira,DilmaResiste
mgfufino,patggou1
511921hgq,DilmaResiste
RafaelAtari,patggou1
bonnieximena,arcofi
REGINAOUTEIRO,patggou1
frostlost,patggou1
pauloquaresma2,arcofi
jadsonlima2010,patggou1
Gabrielgalura,patggou1
ZeferinoJanio,arcofi
New_Delia,arcofi
iojandaira,prmaduro
ffmadruga,Anholeto
SacraSandra,ptnuncamais
RojanioMarcio,DilmaResiste
adriano_francaa,DilmaResiste
wellingtonmoura,ptnuncamais
agadanymanu,DilmaResiste
MariRemor,arcofi
maria_padu,ptnuncamais
AnaPaulaVendri,BethDAlmeida1
OpusckiSulains,cacildanc
vishtati,phelizardu
maraferro228,DilmaResiste
wondergio,DilmaResiste
fabistrada,cacildanc
aeciofaraujo,BlogDoTato67
marilumgon,prmaduro
sergio_pm,DilmaResiste
fernanda281327,BlogDoTato67
fernanda281327,BlogDoTato67
OdilonTesser,ptnuncamais
goxtosaxim,ptnuncamais
goxtosaxim,neocomunicabh
fernanda281327,ptnuncamais
naskarmit,ptnuncamais
Renato_SVP,ptnuncamais
Dorasil76578668,ptnuncamais
Braph_torres,DilmaResiste
XeniaAntunes,ptnuncamais
luciamoura00,prmaduro
AbdoFortunato,ptnuncamais
katiaduarte,ptnuncamais
DrRobertoSalles,ptnuncamais
OgroRevoltado,BethDAlmeida1
fernanda281327,neocomunicabh
ptnuncamais,neocomunicabh
fitzca,BethDAlmeida1
lobo_mir,annapaimm
MegVinhas,annapaimm
mirquelen,marizetecarrijo
lheiraa,CintiaG63848882
IracemaGouvea,arcofi
AvanteBRSempre,rosalbamatta
ArobertoSa,RicardoFerraco
ArobertoSa,fatimarejanesou
ERFJr59,Hortsy
EllenCris43,TrouxaFavelado
NaracyS,AnaPaul03819007
branquinha4,RicardoFerraco
fernanda281327,AnaPaul03819007
MegVinhas,annapaimm
lobo_mir,annapaimm
cecipsi1,nadia1monteiro
rioszealberto,CintiaG63848882
jslagoa33,AnaPaul03819007
CleuzaBapti,Rilva_inHistMed
Luizpeew,AnaPaul03819007
DereiaSilva,CintiaG63848882
PetitSabino,ximenmalhador
PandaRcds,AnaPaul03819007
Tinhelosa,CintiaG63848882
OLeandroBorges,Satrejunior
miriantedesco,AnaPaul03819007
MegVinhas,annapaimm
vickdw,licia_paz
mjlette2,MascarenhasLu
letrin45,fatimarejanesou
GeizeStella,MascarenhasLu
marinaldo_m,fatimarejanesou
SPFC92932005,CintiaG63848882
venite_adoremus,fatimarejanesou
mmiabac,RicardoFerraco
dilgctricolor,Francischini_
laspinho,CintiaG63848882
PauloRo49195361,tatianafaga
Korinta,fatimarejanesou
CPF_Chala,fatimarejanesou
yellowlucia,fatimarejanesou
noticiasnatela,fatimarejanesou
otofredy,CintiaG63848882
GPronaldo13,AvancaMaconsBR
PAULOPARMM,AvancaMaconsBR
adaped,CintiaG63848882
aparecidapz,CintiaG63848882
seujoca,CintiaG63848882
GPronaldo13,AnaPaul03819007
seujoca,AvancaMaconsBR
PauloRo49195361,beijopai
ManoelRezende3,marisascruz
rosamariaferr10,marisascruz
dyol_fernandes,AnaPaul03819007
PauloRo49195361,lheiraa
PauloRo49195361,CintiaG63848882
JustBira,ximenmalhador
Valmirhedlund,AnaPaul03819007
by_Mariaaa,AnaPaul03819007
corpusanimale,ximenmalhador
nrj68,JoaoBANatal
SPFC92932005,JoaoBANatal
Edilanebornh,ximenmalhador
anonymuos157,carlosreboucasj
fatimarejanesou,paulazanelli
cvntutu,Francischini_
LolaMacedo381,AnaPaul03819007
EduardoDagnoni,AvancaMaconsBR
lheiraa,CintiaG63848882
babimingatos4,Satrejunior
fbcs71,paulacamara_
fbcs71,Hatshepsut_alfa
PatriotaCesar,Hortsy
mpaulaguedes,Hortsy
JustBira,AnaPaul03819007
JustBira,Hortsy
PatrieBob,AnaPaul03819007
gpgaino,VillaMarcovilla
jaqqdia,AnaPaul03819007
rosamariaferr10,Hortsy
csurubatan,ximenmalhador
csurubatan,ximenmalhador
csurubatan,ximenmalhador
lucianomelo1972,JoaoBANatal
ha1000tonolivei,Wudson_
manoelviabrasil,paulacamara_
yellowlucia,josiel_dias
MariaFeistauer,JoaoBANatal
Folhaovento,marisascruz
jjsouzas,josiel_dias
cidadgm1,AvancaMaconsBR
Betacpm,PHenriqueUS16
WwwCesargomes,lourdesflintz
nzmendes1,josiel_dias
SandraC21896300,AvancaMaconsBR
Betacpm,rodrigojfmg1
lucansp,Hortsy
Betacpm,rodrigojfmg1
Betacpm,PauloPhpq
LAERCIORECIFE,AvancaMaconsBR
claudiogm17,AvancaMaconsBR
Korinta,paulazanelli
BordinVania,AvancaMaconsBR
cassiagontijo,VillaMarcovilla
jaqqdia,AvancaMaconsBR
marcimos,paulacamara_
BR_DeTodos200Mi,VillaMarcovilla
filipervbgalvao,paulacamara_
MiLick74,josiel_dias
CortezFilipe,NetoMadneto1
JackieBrumSC,Hortsy
_camomiila,Satrejunior
JackieBrumSC,Francischini_
KnautGisele,Francischini_
blexx777,Francischini_
TemerMitel,virginiasousa
TemerMitel,virginiasousa
TemerMitel,virginiasousa
TemerMitel,virginiasousa
GuedesHandres,Francischini_
antoniobtavares,AnacVentilari
rosinha_dutra,SantosRe2011
dyol_fernandes,Francischini_
brasil_patria,06pitalo
CesarrAraujo,DANNIBITENCOUR
rosesanchesbh,DANNIBITENCOUR
EnesioBelotti,DANNIBITENCOUR
ElisetePena,DANNIBITENCOUR
Terezanotwiter,lourdesflintz
DrRobertoSalles,DANNIBITENCOUR
wellingtonmoura,Hortsy
lelekachikila,DANNIBITENCOUR
MagnoMaltaOfc,DANNIBITENCOUR
euclidesilveira,Hortsy
vitimasBancoop,Hortsy
mjlette2,Hortsy
juditesara,ximenmalhador
CesarrAraujo,Hortsy
J_Eustaquio,Francischini_
jabcorrea,ximenmalhador
AcordouAcordou,DANNIBITENCOUR
Alexmas1,PauloPhpq
ThomazEliz,Francischini_
RafaelPereira_S,AnaPBNM8
lobo_mir,lheiraa
Valbombinhas,CarvAparecida
pnogueiragama,lourdesflintz
cleolyma,lourdesflintz
MauraBaduy,RicardoFerraco
shushirlei,Hortsy
CupRocha,Satrejunior
tinellizu,Hortsy
GPronaldo13,LJacopetti
palestra77,arcofi
awesomenyneus,Satrejunior
soniaparaguassu,Valmirhedlund
pullitzer,ForaPTJa
CleuzaBapti,Francischini_
amourmercimon,prmaduro
CarlusSponder,Francischini_
RoniltonMatos,Francischini_
LolaMacedo381,CortezFilipe
RafaelPereira_S,Fernando_PHN
marcelwachowicz,Francischini_
aldineiaro74,Fernando_PHN
ivonizio,lheiraa
simonesanttos9,Francischini_
DalilaOliveiraR,FelipeSertao
aldineiaro74,Fernando_PHN
Edilanebornh,Francischini_
x5Harmonizerx,Satrejunior
cintiaoi,ximenmalhador
BolsonaroP,Francischini_
DalilaOliveiraR,prmaduro
LolaMacedo381,prmaduro
pawcifyher,Satrejunior
BRsempt,prmaduro
AnnaPSCorrea,FelipeSertao
shushirlei,prmaduro
disneylnds,Satrejunior
DexheimerLia,prmaduro
Ludmilanetto,FelipeSertao
CaioStark_,Satrejunior
dariojjunior,FelipeSertao
Deborah_Ab,andreliotti
claritttty,Satrejunior
taeyeonsxz,ArianosFalando
taeyeonsxz,ArianosFalando
taeyeonsxz,ArianosFalando
taeyeonsxz,ArianosFalando
rosinha_dutra,lourdesflintz
GIVEHABRAKE,Satrejunior
rosinha_dutra,SantosRe2011
NayaraO32194107,RicardoFerraco
jornaldomacico,RicardoFerraco
BARBIEJAUREGUI,Satrejunior
LidPSDBsenado,RicardoFerraco
nancy63885182,Hatshepsut_alfa
writeslaureen,Satrejunior
ohlilice,Satrejunior
vinny_s_s,Collares
VddBrasil,vandonobre
rioszealberto,RicardoFerraco
CeliaPfau,ximenmalhador
rosinha_dutra,lourdesflintz
OhJulhaa,Satrejunior
rosinha_dutra,carlosreboucasj
Montpelier0,RicardoFerraco
Drikaakashi,VillaMarcovilla
Drikaakashi,VillaMarcovilla
WaldjaSilva,RicardoFerraco
ana_e_lisa,paulopontespp
NILOSOUZ,TIAGOTRICOLOR33
edgard_toledo,RicardoFerraco
EuCidadaemPe,RicardoFerraco
anamelieee,marisascruz
belaccioy,FelipeSertao
belaccioy,RicardoFerraco
PauloRo49195361,TIAGOTRICOLOR33
MegVinhas,paulazanelli
DuuLima23,RicardoFerraco
QuimShed,vandonobre
QuimShed,vandonobre
TmFlavio,RicardoFerraco
_NaoVaiTerCopa,TIAGOTRICOLOR33
PaulaVanuccy,RicardoFerraco
LuanaSophia1990,vandonobre
_NaoVaiTerCopa,TIAGOTRICOLOR33
_NaoVaiTerCopa,TIAGOTRICOLOR33
marcosadiehl,RicardoFerraco
_NaoVaiTerCopa,paulazanelli
psdb45rs,bancadaPSDBrs
jjc_carvalho,VillaMarcovilla
jjc_carvalho,VillaMarcovilla
SandraMariaZMon,ximenmalhador
fguilherme77,prmaduro
BiaRMesquita,queacreditaemvc
PAULOPARMM,helenafantini
egloriaa,PartidoAntiPT
tamymeireles2,MundoOncers
valery1001,Senador_Ataides
GPronaldo13,DireitaSempre81
MagriYoga,lourdesflintz
CortezFilipe,ximenmalhador
luciamoura00,lourdesflintz
IbfBispo,lourdesflintz
nilogeronomo,lourdesflintz
Carlos_ASantana,claudiomenewaz
flaviomoraes939,ximenmalhador
flaviomoraes939,ximenmalhador
ocyaradamasio,marisascruz
ebeauclair,paulacamara_
shinesniall,Satrejunior
dyol_fernandes,ximenmalhador
LeonardoFM11,mitags
jfcomenale,ximenmalhador
PGriselide,queacreditaemvc
amandapiva,Satrejunior
IbfBispo,ximenmalhador
TemerBolated,queacreditaemvc
kelicrismor,Ca_Moredi
rik_cesar,Ca_Moredi
BlueGilly,Ca_Moredi
rangellarissa,Satrejunior
4576e71cffb243b,vlbrasiloficial
mishamigosz,Satrejunior
CeliaPfau,Ca_Moredi
0_marcia,ximenmalhador
ester_abrahao,SantosRe2011
CidaCasm,Fernando_PHN
JustBira,ximenmalhador
bhlinux,prmaduro
lauro_imai,ximenmalhador
stsuhanova30892,sozercod
esperancaetica,VillaMarcovilla
esperancaetica,VillaMarcovilla
fabianofavero,VillaMarcovilla
AnisterjaneFerr,ximenmalhador
jefer234,ximenmalhador
marinaldo_m,ximenmalhador
mercadopcoes,VillaMarcovilla
mercadopcoes,VillaMarcovilla
L4dyCat,Satrejunior
itsborgia,Satrejunior
Nandaa_Rezendee,Satrejunior
CortezFilipe,VillaMarcovilla
MManuellysilva,GlNAINDELICADA
MManuellysilva,GlNAINDELICADA
rosesanchesbh,vempraruaminas
joneslauriano,prmaduro
CortezFilipe,VillaMarcovilla
dhaas_,VillaMarcovilla
dhaas_,VillaMarcovilla
sergiosnogueira,VillaMarcovilla
rosangela_bolze,VillaMarcovilla
rosangela_bolze,VillaMarcovilla
RolimSkyl,VillaMarcovilla
alfeugularte,VillaMarcovilla
RolimSkyl,VillaMarcovilla
RolimSkyl,VillaMarcovilla
rosangela_bolze,VillaMarcovilla
rosangela_bolze,VillaMarcovilla
rosangela_bolze,VillaMarcovilla
rosangela_bolze,VillaMarcovilla
rosangela_bolze,VillaMarcovilla
rosangela_bolze,VillaMarcovilla
goodforvoce,Satrejunior
CortezFilipe,prmaduro
BIGKARL4,paulazanelli
Delsonfontany,prmaduro
MegVinhas,prmaduro
maira203,ursogalli
amoralarryst,Satrejunior
Rafaela21543391,Satrejunior
teixeira_fd,carlosreboucasj
wesley_aju,JuizSergioMoro
Ale_Varella,VillaMarcovilla
nerecasa,revoltadoonline
jaquesantossena,FABAO_SENA
clarihonorio,Satrejunior
JustBira,mitags
mariacristtina4,ziamfetus
brasil_patria,queacreditaemvc
rebeccaoIiveira,Satrejunior
LucianeLazzarin,BlogDoTato67
CRFabizinha,Satrejunior
luciamoura00,queacreditaemvc
MegVinhas,mitags
illtreatme,Satrejunior
Paintscap2,Satrejunior
mundodsmandalas,lourdesflintz
soniaparaguassu,Valmirhedlund
soniaparaguassu,Valmirhedlund
teiasobral,ximenmalhador
AnnaApl,Valmirhedlund
ma_sobrinho,Satrejunior
Emeferr,marisascruz
pegasus_340,marisascruz
NILOSOUZ,carlosreboucasj
miguelitamarsil,marisascruz
cassinha_azeved,VillaMarcovilla
hudsondesouza11,CortezFilipe
bonnieximena,marisascruz
rulhas,marisascruz
Oilleer,marisascruz
hudsondesouza11,marisascruz
GIFFONIBRAVO,marisascruz
DelsonbpvGore,paulacamara_
unicorniobare,Satrejunior
ErmesonOliver,Satrejunior
taeanonimy,Satrejunior
MatildeCavalca3,ximenmalhador
bfgbota,ximenmalhador
AntonioACParras,fattoritam
RafaRodriCampo,Hatshepsut_alfa
Sueli044Suely,ANTI_PTRALHAS
juliagoncalv3s,Satrejunior
rioszealberto,chrisshishiro
edson26307715,VillaMarcovilla
LiaAraujo19,VillaMarcovilla
lemossamuel_,EduardoStrobel
marconitarso,VillaMarcovilla
feguerrag,barbaramedsen
amourmercimon,queacreditaemvc
salesluisa10,Satrejunior
CHdecastro10,paulacamara_
Nathalhona,Satrejunior
Fresca_Belieber,Satrejunior
3PPPEDRO,paulazanelli
nostagt,Satrejunior
coloradomesmo,paulazanelli
Maxvernochi,VillaMarcovilla
rosacrossi,ximenmalhador
critico_lost,giovane_matos
FRAMBORGES,idelmondes
sandrar33276132,ximenmalhador
filgueiras1,BR45IL100PT
cardoso_mour,VillaMarcovilla
EduSanchez10,VillaMarcovilla
TmFlavio,Hatshepsut_alfa
juanthunes,Satrejunior
lwuisee,Satrejunior
rosa_morena2015,JuizSergioMoro
