0,EtreBr
0,1
AdrianaDriRio,1
2,1
MARTINSRJ1,1
3,1
4,jessicadu00
4,5
6,kekaavelar
6,7
8,eduardomaluf2
8,9
rob_scholz,1
10,1
11,marchezan_
11,12
a_rj1,1
13,1
Canmeira,1
14,1
Carmen_Gua,12
15,12
RobGreenFields,7
16,7
felipebritofb,1
17,1
GigioThomaz,12
18,12
EltonApollo,12
19,12
EltonApollo,1
19,1
MauricioMLO,7
20,7
ALblini,12
21,12
danigotesman,12
22,12
waltinhoradio,12
23,12
Foraptdilma,12
24,12
danpontes999,1
25,1
caitum,1
26,1
ronaldoliveira2,12
27,12
GIFFONIBRAVO,12
28,12
davidfcesar,7
29,7
LeonardoFM11,1
30,1
matheusft82,12
31,12
alves_truz,1
32,1
ef96d509580b484,12
33,12
abadeduda,12
34,12
Reginar_r,12
35,12
GuaracidaCruz,12
36,12
talitatrainer,12
37,12
hudsondesouza11,12
38,12
gigioedudu,12
39,12
tiagocamassutti,12
40,12
alvim93,12
41,12
Nelson_Harter,12
42,12
MARGARETHALBUQU,12
43,12
goxtosaxim,12
44,12
DefesaHetero,7
45,7
BordinVania,12
46,12
luciaturchetto,1
47,1
Cellofla45,12
48,12
JokerBH666,12
49,12
caboff1,1
50,1
rafaeldmatheus,12
51,12
adijsantos,12
52,12
Hwidger,1
53,1
anaalmeidaca38,7
54,7
ninarosacorrea,12
55,12
AcordouAcordou,7
56,7
MauricioMLO,1
20,1
RenatoKedson,12
57,12
MancheteReal,12
58,12
MauricioMLO,12
20,12
59,claudiorobsilva
59,60
lobaoeletrico,12
61,12
earcarmona,12
62,12
AcordouAcordou,1
56,1
AcordouAcordou,12
56,12
rakelmaia55,1
63,1
64,alexcdias06
64,65
66,reaciago
66,67
sountilurmine,67
68,67
69,jusgarcia
69,70
seibel10,12
71,12
Bruno_Lams,70
72,70
73,DilmaResiste
73,74
LeoCastroMat,12
75,12
76,annapaimm
76,77
MegVinhas,77
78,77
79,robertaelke
79,80
Arcamargo70,12
81,12
82,r_inforzato
82,83
New_Delia,83
84,83
motter_ja,80
85,80
parabensatodos,80
86,80
1Notadade,12
87,12
2,robertaelke
2,80
DenniscafeZz,80
88,80
rbuobu,12
89,12
CleuzaBapti,12
90,12
91,JosRicardo14
91,92
MarcoCampelo,12
93,12
cpidopt,12
94,12
alanferrazrj,92
95,92
ChrisTheBoy_,80
96,80
Mimy_2014,80
97,80
mariagcas,12
98,12
FBI_NOTICIAS,80
99,80
joeoficial2014,80
100,80
MarcusVini_17,80
101,80
Anadi_Paula,80
102,80
103,JERRYGUILAU
103,104
marilumgon,12
105,12
marcelospfcbt,80
106,80
jacksonsimoes,12
107,12
TopTV_Brasil,80
108,80
109,OiIindona
109,110
alanferrazrj,80
95,80
Marlene_Senna,74
111,74
AndreaFigueired,12
112,12
PaulGilmar,12
113,12
br12ro,12
114,12
otaviopaz,12
115,12
116,guilherme__rios
116,117
Marcosguaiba,12
118,12
119,_Lavoisier
119,120
Foxnews1,12
121,12
fataloliveira1,12
122,12
geacarlobc,74
123,74
JongaPereira,74
124,74
125,wagnerborgesjr
125,126
nelsonspartacus,12
127,12
BcAlemao,12
128,12
_NaoVaiTerCopa,12
129,12
marcelomformiga,12
130,12
fabiocs,12
131,12
mildignos,12
132,12
DuuLima23,12
133,12
marcia_umari,12
134,12
dalvinha47,12
135,12
SeiSei0,12
136,12
letrin45,12
137,12
Tom_brz,12
138,12
Dehavasan,12
139,12
sandrassabino,12
140,12
141,NumFod
141,142
themaloya,12
143,12
livbuk22,74
144,74
DrRobertoSalles,12
145,12
mariovgomes,12
146,12
Silvio_MKT,12
147,12
148,htfigueira
148,149
dellFerraz,12
150,12
JulianoSMendes,12
151,12
Rituska_,74
152,74
zaninella,12
153,12
AdrianoLourenco,12
154,12
FabiAgenteCIA,12
155,12
danmunakata,12
156,12
gdugomes,12
157,12
JDarzone,12
158,12
Geraldo_Olivera,12
159,12
AyurvedaPoa,12
160,12
Rabbits_ca,74
161,74
pinheirolettici,12
162,12
163,thepatricao
163,164
165,Wanderson_Panch
165,166
165,Wanderson_Panch
165,166
165,Wanderson_Panch
165,166
letrasLTDA,12
167,12
Gabrielgalura,12
168,12
Chiwizz1,12
169,12
aparecidapz,12
170,12
171,ptnuncamais
171,172
OsvladPereira,12
173,12
TO_DE_OLHO,12
174,12
guidomelo1,74
175,74
176,andreliotti
176,177
RumoCertoSim,120
176,120
178,zjmdark
178,179
lourdesmsantos,74
180,74
181,liviagomesfono
181,182
tpequeno,74
183,74
184,JoaoBANatal
184,185
h_jordon,74
186,74
LauraVieiraDias,74
187,74
WallaceLarri,74
188,74
JoceyrR,74
189,74
190,cacildanc
190,191
Brasangola_,74
192,74
ZeferinoJanio,12
193,12
voliasobral2,74
194,74
fcarravetta,12
195,12
196,patggou1
196,197
euzenidwelder,74
198,74
JoeClementino,197
199,197
Odara_10,74
200,74
CleytondeMelo,74
201,74
gatosarado2016,74
202,74
pedroceleste,74
203,74
carmemsouza,74
204,74
luis13vieira,74
205,74
mgfufino,197
206,197
511921hgq,74
207,74
RafaelAtari,197
208,197
209,arcofi
209,210
REGINAOUTEIRO,197
211,197
frostlost,197
212,197
pauloquaresma2,210
213,210
jadsonlima2010,197
214,197
168,patggou1
168,197
193,arcofi
193,210
84,arcofi
84,210
215,prmaduro
215,216
217,Anholeto
217,218
SacraSandra,172
219,172
RojanioMarcio,74
220,74
adriano_francaa,74
221,74
wellingtonmoura,172
222,172
agadanymanu,74
223,74
MariRemor,210
224,210
maria_padu,172
225,172
226,BethDAlmeida1
226,227
OpusckiSulains,191
228,191
229,phelizardu
229,230
maraferro228,74
231,74
wondergio,74
232,74
190,cacildanc
190,191
233,BlogDoTato67
233,234
105,prmaduro
105,216
sergio_pm,74
235,74
fernanda281327,234
236,234
fernanda281327,234
236,234
OdilonTesser,172
237,172
44,ptnuncamais
44,172
44,neocomunicabh
44,238
fernanda281327,172
236,172
naskarmit,172
239,172
Renato_SVP,172
240,172
Dorasil76578668,172
241,172
Braph_torres,74
242,74
XeniaAntunes,172
243,172
luciamoura00,216
244,216
AbdoFortunato,172
245,172
katiaduarte,172
246,172
145,ptnuncamais
145,172
OgroRevoltado,227
247,227
236,neocomunicabh
236,238
172,neocomunicabh
172,238
fitzca,227
248,227
lobo_mir,77
249,77
MegVinhas,77
78,77
250,marizetecarrijo
250,251
252,CintiaG63848882
252,253
IracemaGouvea,210
254,210
255,rosalbamatta
255,256
257,RicardoFerraco
257,258
257,fatimarejanesou
257,259
260,Hortsy
260,261
262,TrouxaFavelado
262,263
264,AnaPaul03819007
264,265
branquinha4,258
266,258
236,AnaPaul03819007
236,265
MegVinhas,77
78,77
lobo_mir,77
249,77
267,nadia1monteiro
267,268
rioszealberto,253
269,253
jslagoa33,265
270,265
90,Rilva_inHistMed
90,271
Luizpeew,265
272,265
DereiaSilva,253
273,253
274,ximenmalhador
274,275
PandaRcds,265
276,265
Tinhelosa,253
277,253
278,Satrejunior
278,279
miriantedesco,265
280,265
MegVinhas,77
78,77
281,licia_paz
281,282
283,MascarenhasLu
283,284
137,fatimarejanesou
137,259
GeizeStella,284
285,284
marinaldo_m,259
286,259
SPFC92932005,253
287,253
venite_adoremus,259
288,259
mmiabac,258
289,258
290,Francischini_
290,291
laspinho,253
292,253
293,tatianafaga
293,294
Korinta,259
295,259
CPF_Chala,259
296,259
yellowlucia,259
297,259
noticiasnatela,259
298,259
otofredy,253
299,253
300,AvancaMaconsBR
300,301
PAULOPARMM,301
302,301
adaped,253
303,253
170,CintiaG63848882
170,253
seujoca,253
304,253
GPronaldo13,265
300,265
seujoca,301
304,301
293,beijopai
293,305
306,marisascruz
306,307
rosamariaferr10,307
308,307
dyol_fernandes,265
309,265
PauloRo49195361,252
293,252
PauloRo49195361,253
293,253
JustBira,275
310,275
Valmirhedlund,265
311,265
by_Mariaaa,265
312,265
corpusanimale,275
313,275
nrj68,185
314,185
SPFC92932005,185
287,185
Edilanebornh,275
315,275
316,carlosreboucasj
316,317
259,paulazanelli
259,318
cvntutu,291
319,291
LolaMacedo381,265
320,265
EduardoDagnoni,301
321,301
252,CintiaG63848882
252,253
babimingatos4,279
322,279
323,paulacamara_
323,324
323,Hatshepsut_alfa
323,325
PatriotaCesar,261
326,261
mpaulaguedes,261
327,261
JustBira,265
310,265
JustBira,261
310,261
PatrieBob,265
328,265
329,VillaMarcovilla
329,330
jaqqdia,265
331,265
rosamariaferr10,261
308,261
csurubatan,275
332,275
csurubatan,275
332,275
csurubatan,275
332,275
lucianomelo1972,185
333,185
334,Wudson_
334,335
manoelviabrasil,324
336,324
297,josiel_dias
297,337
MariaFeistauer,185
338,185
Folhaovento,307
339,307
jjsouzas,337
340,337
cidadgm1,301
341,301
342,PHenriqueUS16
342,343
344,lourdesflintz
344,345
nzmendes1,337
346,337
SandraC21896300,301
347,301
342,rodrigojfmg1
342,348
lucansp,261
349,261
342,rodrigojfmg1
342,348
342,PauloPhpq
342,350
LAERCIORECIFE,301
351,301
claudiogm17,301
352,301
295,paulazanelli
295,318
46,AvancaMaconsBR
46,301
cassiagontijo,330
353,330
jaqqdia,301
331,301
marcimos,324
354,324
BR_DeTodos200Mi,330
355,330
filipervbgalvao,324
356,324
MiLick74,337
357,337
358,NetoMadneto1
358,359
JackieBrumSC,261
360,261
_camomiila,279
361,279
JackieBrumSC,291
360,291
KnautGisele,291
362,291
blexx777,291
363,291
364,virginiasousa
364,365
364,virginiasousa
364,365
364,virginiasousa
364,365
364,virginiasousa
364,365
GuedesHandres,291
366,291
367,AnacVentilari
367,368
369,SantosRe2011
369,370
dyol_fernandes,291
309,291
371,06pitalo
371,372
373,DANNIBITENCOUR
373,374
rosesanchesbh,374
375,374
EnesioBelotti,374
376,374
ElisetePena,374
377,374
Terezanotwiter,345
378,345
145,DANNIBITENCOUR
145,374
222,Hortsy
222,261
lelekachikila,374
379,374
MagnoMaltaOfc,374
380,374
euclidesilveira,261
381,261
vitimasBancoop,261
382,261
mjlette2,261
283,261
juditesara,275
383,275
CesarrAraujo,261
373,261
J_Eustaquio,291
384,291
jabcorrea,275
385,275
56,DANNIBITENCOUR
56,374
Alexmas1,350
386,350
ThomazEliz,291
387,291
388,AnaPBNM8
388,389
249,lheiraa
249,252
390,CarvAparecida
390,391
pnogueiragama,345
392,345
cleolyma,345
393,345
MauraBaduy,258
394,258
shushirlei,261
395,261
CupRocha,279
396,279
tinellizu,261
397,261
300,LJacopetti
300,398
palestra77,210
399,210
awesomenyneus,279
400,279
soniaparaguassu,311
401,311
402,ForaPTJa
402,403
90,Francischini_
90,291
amourmercimon,216
404,216
CarlusSponder,291
405,291
RoniltonMatos,291
406,291
320,CortezFilipe
320,358
388,Fernando_PHN
388,407
marcelwachowicz,291
408,291
aldineiaro74,407
409,407
ivonizio,252
410,252
simonesanttos9,291
411,291
412,FelipeSertao
412,413
aldineiaro74,407
409,407
Edilanebornh,291
315,291
x5Harmonizerx,279
414,279
cintiaoi,275
415,275
BolsonaroP,291
416,291
DalilaOliveiraR,216
412,216
LolaMacedo381,216
320,216
pawcifyher,279
417,279
BRsempt,216
418,216
AnnaPSCorrea,413
419,413
shushirlei,216
395,216
disneylnds,279
420,279
DexheimerLia,216
421,216
Ludmilanetto,413
422,413
CaioStark_,279
423,279
dariojjunior,413
424,413
Deborah_Ab,177
425,177
claritttty,279
426,279
427,ArianosFalando
427,428
427,ArianosFalando
427,428
427,ArianosFalando
427,428
427,ArianosFalando
427,428
rosinha_dutra,345
369,345
GIVEHABRAKE,279
429,279
369,SantosRe2011
369,370
NayaraO32194107,258
430,258
jornaldomacico,258
431,258
BARBIEJAUREGUI,279
432,279
LidPSDBsenado,258
433,258
nancy63885182,325
434,325
178,Satrejunior
178,279
ohlilice,279
435,279
436,Collares
436,437
438,vandonobre
438,439
rioszealberto,258
269,258
CeliaPfau,275
440,275
rosinha_dutra,345
369,345
OhJulhaa,279
441,279
rosinha_dutra,317
369,317
Montpelier0,258
442,258
Drikaakashi,330
443,330
Drikaakashi,330
443,330
WaldjaSilva,258
444,258
445,paulopontespp
445,446
447,TIAGOTRICOLOR33
447,448
edgard_toledo,258
449,258
EuCidadaemPe,258
450,258
anamelieee,307
451,307
belaccioy,413
452,413
belaccioy,258
452,258
293,TIAGOTRICOLOR33
293,448
78,paulazanelli
78,318
133,RicardoFerraco
133,258
QuimShed,439
453,439
QuimShed,439
453,439
TmFlavio,258
454,258
129,TIAGOTRICOLOR33
129,448
PaulaVanuccy,258
455,258
LuanaSophia1990,439
456,439
129,TIAGOTRICOLOR33
129,448
129,TIAGOTRICOLOR33
129,448
marcosadiehl,258
457,258
129,paulazanelli
129,318
458,bancadaPSDBrs
458,459
jjc_carvalho,330
460,330
jjc_carvalho,330
460,330
SandraMariaZMon,275
461,275
fguilherme77,216
462,216
463,queacreditaemvc
463,464
302,helenafantini
302,465
466,PartidoAntiPT
466,467
468,MundoOncers
468,469
470,Senador_Ataides
470,471
300,DireitaSempre81
300,472
MagriYoga,345
473,345
CortezFilipe,275
358,275
244,lourdesflintz
244,345
IbfBispo,345
474,345
nilogeronomo,345
475,345
476,claudiomenewaz
476,477
flaviomoraes939,275
478,275
flaviomoraes939,275
478,275
ocyaradamasio,307
479,307
ebeauclair,324
480,324
shinesniall,279
481,279
dyol_fernandes,275
309,275
30,mitags
30,482
jfcomenale,275
483,275
PGriselide,464
484,464
amandapiva,279
485,279
IbfBispo,275
474,275
TemerBolated,464
486,464
487,Ca_Moredi
487,488
rik_cesar,488
489,488
BlueGilly,488
490,488
rangellarissa,279
491,279
492,vlbrasiloficial
492,493
mishamigosz,279
494,279
440,Ca_Moredi
440,488
0_marcia,275
495,275
ester_abrahao,370
496,370
CidaCasm,407
497,407
JustBira,275
310,275
bhlinux,216
498,216
lauro_imai,275
499,275
500,sozercod
500,501
esperancaetica,330
502,330
esperancaetica,330
502,330
fabianofavero,330
503,330
AnisterjaneFerr,275
504,275
jefer234,275
505,275
marinaldo_m,275
286,275
mercadopcoes,330
506,330
mercadopcoes,330
506,330
L4dyCat,279
507,279
itsborgia,279
508,279
Nandaa_Rezendee,279
509,279
CortezFilipe,330
358,330
510,GlNAINDELICADA
510,511
510,GlNAINDELICADA
510,511
375,vempraruaminas
375,512
joneslauriano,216
513,216
CortezFilipe,330
358,330
dhaas_,330
514,330
dhaas_,330
514,330
sergiosnogueira,330
515,330
rosangela_bolze,330
516,330
rosangela_bolze,330
516,330
RolimSkyl,330
517,330
alfeugularte,330
518,330
RolimSkyl,330
517,330
RolimSkyl,330
517,330
rosangela_bolze,330
516,330
rosangela_bolze,330
516,330
rosangela_bolze,330
516,330
rosangela_bolze,330
516,330
rosangela_bolze,330
516,330
rosangela_bolze,330
516,330
goodforvoce,279
519,279
CortezFilipe,216
358,216
BIGKARL4,318
520,318
Delsonfontany,216
521,216
78,prmaduro
78,216
522,ursogalli
522,523
amoralarryst,279
524,279
Rafaela21543391,279
525,279
teixeira_fd,317
526,317
527,JuizSergioMoro
527,528
Ale_Varella,330
529,330
530,revoltadoonline
530,531
532,FABAO_SENA
532,533
clarihonorio,279
534,279
310,mitags
310,482
535,ziamfetus
535,536
371,queacreditaemvc
371,464
rebeccaoIiveira,279
537,279
LucianeLazzarin,234
538,234
CRFabizinha,279
539,279
244,queacreditaemvc
244,464
78,mitags
78,482
illtreatme,279
540,279
Paintscap2,279
541,279
mundodsmandalas,345
542,345
soniaparaguassu,311
401,311
soniaparaguassu,311
401,311
teiasobral,275
543,275
AnnaApl,311
544,311
ma_sobrinho,279
545,279
Emeferr,307
546,307
pegasus_340,307
547,307
NILOSOUZ,317
447,317
miguelitamarsil,307
548,307
cassinha_azeved,330
549,330
38,CortezFilipe
38,358
209,marisascruz
209,307
rulhas,307
550,307
Oilleer,307
551,307
38,marisascruz
38,307
28,marisascruz
28,307
DelsonbpvGore,324
552,324
unicorniobare,279
553,279
ErmesonOliver,279
554,279
taeanonimy,279
555,279
MatildeCavalca3,275
556,275
bfgbota,275
557,275
558,fattoritam
558,559
RafaRodriCampo,325
560,325
561,ANTI_PTRALHAS
561,562
juliagoncalv3s,279
563,279
269,chrisshishiro
269,564
edson26307715,330
565,330
LiaAraujo19,330
566,330
567,EduardoStrobel
567,568
marconitarso,330
569,330
570,barbaramedsen
570,571
404,queacreditaemvc
404,464
salesluisa10,279
572,279
CHdecastro10,324
573,324
Nathalhona,279
574,279
Fresca_Belieber,279
575,279
3PPPEDRO,318
576,318
nostagt,279
577,279
coloradomesmo,318
578,318
Maxvernochi,330
579,330
rosacrossi,275
580,275
581,giovane_matos
581,582
583,idelmondes
583,584
sandrar33276132,275
585,275
586,BR45IL100PT
586,587
cardoso_mour,330
588,330
EduSanchez10,330
589,330
TmFlavio,325
454,325
juanthunes,279
590,279
lwuisee,279
591,279
rosa_morena2015,528
592,528
593,MidiaNINJA
593,594
595,ptbrasiI
595,596
597,RogerioCorreia_
597,598
599,Buchada_de_Bode
599,600
lulyflemming,598
601,598
602,jeanwyllys_real
602,603
M_Perucci,596
604,596
Durval13PT,596
605,596
597,RogerioCorreia_
597,598
597,Buchada_de_Bode
597,600
606,blogdoailton
606,607
dratelo,603
608,603
183,RogerioCorreia_
183,598
598,Buchada_de_Bode
598,600
609,ClaudiaColares
609,610
201,ClaudiaColares
201,610
611,esmaelmorais
611,612
MariClaraeVan,603
613,603
614,Srta_Iozzi
614,615
maibdom,598
616,598
617,vanessasenadora
617,618
telalapa,596
619,596
620,helianeferreira
620,621
622,nedicr56
622,623
624,ZerbinatoRoseli
624,625
626,AngelJones_RJ
626,627
TG_Meirelles,627
628,627
629,MudaMais
629,630
631,cbaraodeitarare
631,632
neilaterra,632
633,632
Klimt_Brasil,600
634,600
635,oConsciente
635,636
622,Mr_Machado
622,637
Klimt_Brasil,627
634,627
eugeniafalcao,630
638,630
FfabiolaOcampo,618
622,618
itala_mcq,615
639,615
622,sscavalheiro
622,640
SpolidoroVera,630
641,630
622,marcaoifcs
622,642
elianemaga,630
643,630
ADALFISIO,630
644,630
jacare59,598
645,598
necabettio,627
646,627
647,EneidaFerraz
647,648
fabbc1576dd2458,612
649,612
650,PEComDilma13
650,651
Klimt_Brasil,600
634,600
AisleiMedeiros,625
652,625
AlfredoRebello,600
653,600
605,oConsciente
605,636
francaverdade,598
654,598
dccsxz,615
655,615
ProfAnaRosaBuna,600
656,600
223,Buchada_de_Bode
223,600
SoraniCosta,600
657,600
Klimt_Brasil,600
634,600
658,luindarkness
658,659
660,jdeandradeneto
660,661
1964nempensar,630
662,630
HelenaLages,596
663,596
marlidzdz59,632
664,632
rmoura_adv,630
665,630
CiCkelly,596
666,596
667,mirtes_costa
667,668
Don_Carloo,598
669,598
renediana2014,630
670,630
diegokantor,603
671,603
223,ZerbinatoRoseli
223,625
marcogregori58,598
672,598
673,semprealimac
673,674
amacell,603
620,603
675,MuriloGalvaao
675,676
677,FrenteBRPE
677,678
223,Buchada_de_Bode
223,600
Ddenise_Br,600
679,600
hallesclaudio,598
680,598
FileGalo,594
681,594
jucilenedasil20,600
682,600
683,professorGabes
683,684
685,j_livres
685,686
204,cbaraodeitarare
204,632
newmaramendonca,632
687,632
trezeano,636
688,636
689,avozds
689,690
Tereza47,632
691,632
673,Nikitabashkirt
673,692
dourado_samuel,598
693,598
zembruskif,630
694,630
631,hudsoncunha
631,695
luiseluciana,607
696,607
638,mluciares
638,697
mazinhoatitude,600
698,600
Fabiano_30,598
699,598
dionianjos,594
700,594
672,parafrentebrasi
672,701
LeneLapa,630
702,630
guimaraes13PT,692
703,692
vanessavbarbosa,594
704,594
anabrau,603
685,603
Cidadaodopovo,632
705,632
dionianjos,594
700,594
673,gylrangel
673,706
707,uneoficial
707,708
jomarlov,661
709,661
paulocsrpedroso,676
710,676
AguiarNeyda,627
711,627
AguiarNeyda,610
711,610
Chapolin1984,630
712,630
204,MudaMais
204,630
marcogregori58,600
672,600
lindomartiangua,596
713,596
lenorecosta,630
714,630
Cidadaodopovo,600
705,600
Pittydominatrix,600
715,600
AnaSanches,603
716,603
gbsantos351,625
717,625
jucilenedasil20,600
682,600
683,oobservadorbr
683,718
Dra_Simone,598
719,598
Escrotizador1,630
720,630
PilarFazito,676
721,676
mluciares,594
697,594
dionianjos,600
700,600
Klimt_Brasil,598
634,598
AurelioPerna,625
722,625
723,MVM_News
723,724
Dudinhafer_,603
725,603
Jecebento13,625
726,625
dionianjos,600
700,600
josedmedina_,603
727,603
617,MuriloGalvaao
617,676
MarceloACoelho1,598
728,598
rairibeirof,630
729,630
Cidadaodopovo,600
705,600
igiabas,603
730,603
franca_rodrigo,603
731,603
marinildac,697
732,697
newmaramendonca,661
687,661
LoboTeresinha,630
733,630
Tereza47,598
691,598
681,LulaBonitao
681,734
699,PTnaCamara
699,735
HumiMadalena,674
736,674
Tereza47,690
691,690
VICENTINHOPT,625
737,625
Cidadaodopovo,594
705,594
mmuniz100,612
738,612
sudornelles,603
739,603
606,ZerbinatoRoseli
606,625
mluciares,594
697,594
HBJR8,630
723,630
Blog_Tendencias,603
740,603
Drykkas,674
741,674
Cidadaodopovo,600
705,600
Riobaldo,603
742,603
NilvaSader,598
617,598
mariaap94213193,600
606,600
LoboTeresinha,632
733,632
Fagoncalves_,603
743,603
Nikitabashkirt,676
692,676
verabottino,603
744,603
HumiMadalena,676
736,676
Chapolin1984,630
712,630
isacnyc20,603
745,603
mluciares,594
697,594
Geane37170181,600
746,600
mariaap94213193,600
606,600
LuaSantis,697
747,697
673,WonderrNessa
673,748
_Ana_CaroIina_,612
673,612
HBJR8,598
723,598
MarcianoBrito13,630
749,630
GotyGoreti,598
750,598
ambasouza,697
751,697
mariade_ca,603
752,603
Ramme65,708
753,708
PortalSapabonde,603
754,603
samucabks,600
755,600
EmersonPardo,603
756,603
QueirozEliete,692
757,692
_Ana_CaroIina_,603
673,603
alessandraas,708
758,708
LuLopesx,706
759,706
paulomonarco1,603
760,603
marlidzdz59,600
664,600
ReneFerreira19,600
761,600
newmaramendonca,598
687,598
neylopesmachado,612
647,612
673,avozds
673,690
pablo_php_herna,678
762,678
EldenilsonM,603
763,603
roberiocordeiro,600
764,600
jkoshow,690
765,690
dourado_samuel,648
693,648
vanessavbarbosa,697
704,697
jaugustpb,603
766,603
rubensoficial1,695
767,695
joaodonida,596
768,596
juliangiud,735
769,735
683,lenecezar
683,770
EdmilsonOlivei8,676
771,676
vanessavbarbosa,630
704,630
SCarvalho75,632
772,632
paulomonarco1,600
760,600
FranciscoGremio,630
773,630
AliceTartaglia,596
774,596
Ailafoara,603
775,603
FranciscoGremio,630
773,630
newmaramendonca,598
687,598
erikamorhy,603
776,603
CheZeGuevara,692
777,692
elnuevomariscal,603
778,603
JaquedeCamargo2,603
779,603
Mari_Stylinson6,615
780,615
sra_perola,603
781,603
citizenkane_,697
782,697
622,SergioSGTF
622,783
tarciana,596
784,596
MarceloACoelho1,596
728,596
Vlog_do_Varela,632
785,632
aquim_maria,690
786,690
___annik__,630
787,630
marcogregori58,600
672,600
FranciscoGremio,630
773,630
dnrazevedo,603
788,603
rose38705916,630
789,630
IZILDAMARIADE,636
790,636
LauraTM_MV,600
791,600
GolpeNuncaMais,697
792,697
647,MuriloGalvaao
647,676
FernandoCesar77,676
793,676
SCarvalho75,600
772,600
francaverdade,603
654,603
JulioMarx33,603
794,603
francaverdade,600
654,600
691,teresaleitao_
691,795
luiseluciana,636
696,636
TEDLOVE46,596
796,596
Figurinando,603
797,603
635,hudsoncunha
635,695
marco1956,632
798,632
anamarciajf,603
799,603
FranciscoGremio,636
773,636
183,ClaudiaColares
183,610
616,MudaMais
616,630
MabelTov,596
800,596
Marcola1910,612
801,612
l1ttlepatience,632
802,632
TEDLOVE46,603
796,603
beto_guedespb,734
803,734
wagnerbsb,612
804,612
XaraDaNaPaula,596
805,596
kleeberrs,603
806,603
RamiroOliveir19,630
807,630
Rangel_Lucia,600
808,600
claralimax_x,603
809,603
AbelDadoFaleiro,686
810,686
AnnaLuGama,690
811,690
rosy_charo,676
812,676
neylopesmachado,632
647,632
LeonardRams,630
813,630
M_Perucci,603
604,603
robertogomes13,596
635,596
Pitellli,690
814,690
DryMCZ,632
815,632
654,LulaBonitao
654,734
juciano,603
816,603
miolliveiras,603
817,603
635,crisestiloativo
635,818
pecamaroti,603
819,603
arte_prima,748
820,748
IzaltinoZ,603
821,603
650,doidomgPT13
650,822
marcelacsbh,630
823,630
claudiaspacheco,734
824,734
francaverdade,607
654,607
marioscand,596
825,596
MarceloACoelho1,630
728,630
hscosta76,603
826,603
bel_bru,603
827,603
heec,603
828,603
suelenoliver321,603
829,603
luciabortolazzo,596
830,596
wagnerfce,708
831,708
Simplicidade_so,648
832,648
Geena_Davis1979,603
833,603
606,esmaelmorais
606,612
AdeliaBeling,603
834,603
roberiocordeiro,598
764,598
toyenlacalle,632
835,632
Diegopinheiro,603
836,603
IZILDAMARIADE,600
790,600
GEsmanhoto,615
837,615
Nikitabashkirt,600
692,600
606,SergioSGTF
606,783
anaguimaraesfs,598
838,598
iltonzl,598
839,598
beto_guedespb,596
803,596
nitiarax,615
840,615
biellopes29,603
841,603
SoraniCosta,594
657,594
MarceloACoelho1,630
728,630
maricruz_pass,603
842,603
mgracasilvasa,630
843,630
pilihsacconi,600
844,600
LoboTeresinha,598
733,598
mislene1305,600
845,600
flaviohenriqu85,632
846,632
wagnerbsb,596
804,596
SheilaM1998,676
847,676
dejavoubrasil,630
848,630
MarceloACoelho1,630
728,630
defesadaverdade,74
849,74
CiroAdams,630
850,630
mabel_ecos,690
851,690
ngelakirchner,630
852,630
betosantos64,610
853,610
601,cbaraodeitarare
601,632
ErikaLacerda,632
854,632
iltonzl,598
839,598
defesadaverdade,598
849,598
edlianysioli,603
855,603
DmorenaP,600
856,600
feelipebfr,603
857,603
luciabortolazzo,630
830,630
kallilolv,690
858,690
amaliafina5,632
859,632
elima671a,600
860,600
garridotiago,594
861,594
felipe_cazuza,603
862,603
beto_guedespb,612
803,612
F1Dos,596
863,596
janpsipeace,708
864,708
esquimoale,603
865,603
iran_vale,600
866,600
VanessaBaroli,603
867,603
sefeol,598
868,598
egolpesim,632
869,632
defesadaverdade,598
849,598
MardoneRego,603
870,603
sefeol,598
868,598
eugeniafalcao,603
638,603
189,ClaudiaColares
189,610
cris_tiele,674
871,674
leivamoura,607
872,607
janetefra123,603
873,603
FabioMelo18,632
874,632
LoboTeresinha,598
733,598
defesadaverdade,596
849,596
sefeol,600
868,600
GolpeNuncaMais,630
792,630
pauloavas,678
875,678
marioscand,596
825,596
AdeliaBeling,612
834,612
ktrem10,596
876,596
obsate,636
877,636
AnaElisia01,594
878,594
SheilaM1998,596
847,596
joaodonida,603
768,603
mhelenaRS,630
879,630
Peter_Lyra,724
880,724
SrThato,676
881,676
RaimaFontenele,676
882,676
PJararaca,630
883,630
LoboTeresinha,598
733,598
defesadaverdade,596
849,596
DmorenaP,612
856,612
marioscand,600
825,600
RubenSergioAlda,676
884,676
820,GuyBrasil
820,885
886,seuAlgoz
886,887
marioscand,600
825,600
amdeus,596
888,596
amdeus,632
888,632
Tiburzio,603
889,603
GENIVALDUARTE1,822
890,822
doce_dias,612
891,612
amdeus,630
888,630
Cricamg,600
892,600
AnaElisia01,630
878,630
claudiaspacheco,734
824,734
PJararaca,630
883,630
gilmardarosa,594
893,594
jeanfeliper,603
894,603
amdeus,594
888,594
mhelenaRS,594
879,594
rmarizete,632
895,632
negraolucas,603
896,603
tebetmarcia,674
897,674
pauloavas,598
875,598
tebetmarcia,600
897,600
MariaSwab,676
898,676
J_Gondim,594
899,594
tebetmarcia,600
897,600
guiven79,600
900,600
tebetmarcia,600
897,600
juliangiud,724
769,724
apesar_de_vc,603
901,603
eduromasequeijo,632
902,632
tebetmarcia,600
897,600
amdeus,676
888,676
cris_guimaraes,603
903,603
J_Gondim,724
899,724
SerginhoRicardo,603
904,603
Felipefado,603
905,603
LimaUvaLaranja,596
906,596
manacoelho,603
907,603
Vilmafrana,600
908,600
DmorenaP,600
856,600
909,levantepopular
909,910
WonderrNessa,600
748,600
ClaLima,596
909,596
Aurorodriguesj,600
911,600
Carlosgrupon8,607
912,607
tiagoocaetano,661
913,661
aperval,598
914,598
tebetmarcia,600
897,600
diraholanda,734
915,734
tebetmarcia,600
897,600
br_green_heart,695
916,695
tebetmarcia,600
897,600
Klimt_Brasil,607
634,607
wagnerbsb,600
804,600
tebetmarcia,600
897,600
MarcianoBrito13,632
749,632
vaniacury,674
917,674
maria_possa,600
918,600
J_Gondim,600
899,600
marcos__dantas,676
919,676
marciaqcaldas,632
920,632
roselyfsoares,678
921,678
sonia_divinaa,686
922,686
Leila_Argollo,612
923,612
marcos__dantas,612
919,612
coimbramariap,632
924,632
ReginaRamao,594
925,594
br_green_heart,594
916,594
lucrjviola,676
926,676
diraholanda,676
915,676
aperval,676
914,676
LimaUvaLaranja,600
906,600
garcialealsp,748
927,748
LimaUvaLaranja,600
906,600
rose_m_rocha,632
928,632
GEsmanhoto,708
837,708
ReginaMagalhes9,674
929,674
652,EsquerdaValente
652,930
CarlosMoraes19,600
931,600
Julio_Fisherman,612
932,612
LimaUvaLaranja,600
906,600
Simplicidade_so,594
832,594
FernandoJLSales,735
933,735
Julio_Fisherman,676
932,676
coimbramariap,594
924,594
FaimaLima,668
934,668
606,oConsciente
606,636
ronny_oficial1,600
935,600
820,d_hatanaka
820,936
luizrechzen,735
937,735
lucrjviola,686
926,686
coimbramariap,594
924,594
mariade_ca,676
752,676
ronny_oficial1,600
935,600
tebetmarcia,600
897,600
938,diImabr
938,939
tebetmarcia,600
897,600
am_ludovicensis,676
940,676
leandra_lna,783
941,783
HeloiisagPires,811
942,811
luizrechzen,596
937,596
PilarFazito,594
721,594
AisleiMedeiros,630
652,630
wagnerbsb,695
804,695
wagnerlibar,676
943,676
mariaap94213193,600
606,600
tebetmarcia,600
897,600
Marizapaiva,600
944,600
tebetmarcia,600
897,600
tuitdosantinha,612
945,612
ESBR_2,600
946,600
CelticDepressao,594
947,594
SouOMaiorDoRS,600
948,600
health_donn,600
949,600
LuciaAnaPi,632
950,632
LimaUvaLaranja,600
906,600
MarliaFerreir20,618
951,618
caroltraves,598
952,598
AbelDadoFaleiro,735
810,735
SoyelinfameDiaz,600
953,600
Ze_Galinhas,596
658,596
faxina_indaiatu,734
954,734
FileGalo,600
681,600
vitorino_gyn,600
955,600
CarlosMoraes19,600
931,600
luisandrefq,612
956,612
alissousa,596
957,596
606,oConsciente
606,636
kcellinn,795
958,795
Marizapaiva,600
944,600
marcelinojorge,676
959,676
gera_souza,615
960,615
606,oConsciente
606,636
custodiolima,630
961,630
d09120318e984a6,735
962,735
Pitellli,636
814,636
606,oConsciente
606,636
GEsmanhoto,612
837,612
silsmaniotto,676
963,676
AbelDadoFaleiro,632
810,632
marcionemec,910
964,910
perdyhoward,632
965,632
mmonica_miguez,596
966,596
SouOMaiorDoRS,600
948,600
cassia_sarno,668
967,668
968,tontrr
968,969
WonderrNessa,612
748,612
635,hudsoncunha
635,695
AbelDadoFaleiro,724
810,724
diraholanda,600
915,600
933,KabralCabral
933,970
hannahcovolo,598
971,598
marcosdesousac1,636
972,636
CarlosMoraes19,600
931,600
pgiolli,600
973,600
974,FabioCebolao
974,975
GMChacon,695
976,695
adnanelkadri,676
977,676
Leon_Mota,612
978,612
oliverjorna,735
979,735
QueirozEliete,632
757,632
EvandroMirandaB,632
980,632
ANTONIO75985289,748
981,748
AisleiMedeiros,594
652,594
AisleiMedeiros,636
652,636
rofrancesa,596
982,596
Vilmafrana,678
908,678
ClaGeneroso,632
983,632
robertogomes13,600
635,600
ubaldobarbosa,632
984,632
QueirozEliete,734
757,734
EDUARDOSOPHOS,735
985,735
sergiogau,612
986,612
marvili2016,630
987,630
LciaPontes1,625
988,625
fredmelopaiva,632
989,632
Tereza47,600
691,600
837,obrasilonline
837,990
verabottino,630
744,630
marcosdesousac1,600
972,600
991,tiacarmela
991,992
Rangel_Lucia,735
808,735
SoyelinfameDiaz,600
953,600
AisleiMedeiros,630
652,630
Leo_Moretti_BS,632
993,632
Eduardo32526670,600
994,600
diraholanda,612
915,612
995,AldoNunes57
995,996
Tereza47,600
691,600
a_rosa555,632
997,632
FileGalo,632
681,632
AisleiMedeiros,630
652,630
doce_dias,676
891,676
FafaGramacho1,612
998,612
GonzagaAmaury,594
999,594
747,SergioSGTF
747,783
ritaparo13,598
1000,598
MarietaPeixoto1,598
1001,598
MarietaPeixoto1,598
1001,598
JosenildoVelez,612
1002,612
MarietaPeixoto1,598
1001,598
AntoniaCruzC,596
1003,596
Rangel_Lucia,596
808,596
CELIAMARIAAL,596
1004,596
Vilmafrana,708
908,708
rubensoficial1,612
767,612
Tio_nei,734
1005,734
Gilbergues,612
1006,612
Vilmafrana,708
908,708
fisicatrilegal,594
1007,594
FernandoJLSales,600
933,600
VICENTINHOPT,625
737,625
SpassosRJ,600
1008,600
Kissi_87,676
1009,676
AldoNunes57,676
996,676
jfa_netto,612
1010,612
jackimira,630
1011,630
606,MudaMais
606,630
iisabelcgs,594
1012,594
Eduardo32526670,598
994,598
bioluciano,632
1013,632
lucas_goulart00,632
1014,632
verabottino,600
744,600
mabel_ecos,676
851,676
ediiaa,598
1015,598
Temerrosa,598
1016,598
iisabelcgs,596
1012,596
GolpeNuncaMais,600
792,600
JaquesDiogo,632
1017,632
Kissi_87,600
1009,600
algm34038592,600
1018,600
edvaldoAmeida,600
1019,600
vividantas62,630
1020,630
EvandroMirandaB,695
980,695
giocondaosorio,600
1021,600
edvaldoAmeida,600
1019,600
marcyaangelyca,632
1022,632
marvictei,678
1023,678
AnimandoC,910
1024,910
solcaetanocost1,600
683,600
alexaubresil,600
1025,600
freiadelmo,734
1026,734
697,AldoNunes57
697,996
EvandroMirandaB,600
980,600
luislins,676
1027,676
Eduardo32526670,600
994,600
jackimira,600
1011,600
SandraCMazzini,596
1028,596
carolinazey,600
1029,600
francaverdade,600
654,600
Jorge_sculder,676
1030,676
vividantas62,632
1020,632
jackimira,594
1011,594
MoniCezimbra,612
1031,612
heberlia,612
1032,612
Vilmafrana,630
908,630
lucimarcmendes,598
1033,598
MalenaHC,598
1034,598
GolpeNuncaMais,600
792,600
Platinuns,632
1035,632
rosangelasfatim,596
1036,596
EdvaldoAcre,632
1037,632
dulcehcardoso,600
1038,600
joaodonida,600
768,600
lufaro37,630
1039,630
HumiMadalena,719
736,719
606,PTnaCamara
606,735
MVM_News,632
724,632
rose38705916,598
789,598
FernandoJLSales,632
933,632
jackimira,735
1011,735
lufaro37,795
1039,795
AldoNunes57,600
996,600
dulcehcardoso,600
1038,600
768,SergioSGTF
768,783
836,daniarrais
836,1040
verabottino,600
744,600
Vilmafrana,594
908,594
alesvitsky,612
1041,612
MajuuCepeda,630
1042,630
Geane37170181,598
746,598
maibdom,600
616,600
Tereza47,600
691,600
rodrigobonorino,632
1043,632
Temerrosa,734
1016,734
verabottino,596
744,596
rmarizete,612
895,612
RubenSergioAlda,600
884,600
alissousa,596
957,596
fernandoavp,612
1044,612
668,hudsoncunha
668,695
eliezerrocha4,783
1045,783
jfa_netto,748
1010,748
fernandoavp,632
1044,632
768,godbluffo
768,1046
CELIAMARIAAL,600
1004,600
pincc33,632
1047,632
marcosdocaranga,632
1048,632
1049,AnaVilarino1
1049,1050
ezfegundo,630
1051,630
700,crisestiloativo
700,818
bhcolin,600
1052,600
verabottino,600
744,600
a_rosa555,596
997,596
contatodadea,632
1053,632
MarcianoBrito13,676
749,676
CiceroRondonp,600
1054,600
joaodonida,600
768,600
caiocgo,632
1055,632
madrianosantos,600
1056,600
joaosergio,632
1057,632
guiven79,600
900,600
EDUARDOSOPHOS,724
985,724
Marcos_FPessoa,600
1058,600
1059,MarivoneProf
1059,1060
roselyfsoares,600
921,600
joaodonida,600
768,600
SeadiSara,676
1061,676
madrianosantos,600
1056,600
ubaldobarbosa,612
984,612
Marcos_FPessoa,600
1058,600
jackimira,676
1011,676
Kissi_87,600
1009,600
verabottino,600
744,600
waltergpinto,600
1062,600
Marcos_FPessoa,600
1058,600
zehdeabreu,632
1063,632
profronydias,598
1064,598
jackimira,600
1011,600
jfsantanasantos,636
1065,636
madrianosantos,600
1056,600
verabottino,600
744,600
maibdom,600
616,600
trezeano,636
688,636
1066,JenSoares73
1066,1067
Vilmafrana,594
908,594
jackimira,600
1011,600
73,Buchada_de_Bode
73,600
waltergpinto,600
1062,600
AldoNunes57,975
996,975
lucimarcmendes,598
1033,598
748,mrschopf
748,1068
ediiaa,600
1015,600
mmggoes,600
1069,600
henriqs_leo,598
1070,598
Greece_St,636
1071,636
pilihsacconi,600
844,600
celestemartins3,636
1072,636
jfsantanasantos,636
1065,636
HarisonMorente,632
1073,632
BeteArantes,630
1074,630
penaterim,724
1075,724
Eduardo32526670,600
994,600
jfsantanasantos,600
1065,600
Matukaj,676
1076,676
Geane37170181,596
746,596
rubensoficial1,630
767,630
isacnyc20,594
745,594
Goncalvesaaaju,630
1077,630
nacao_off,636
1078,636
927,godbluffo
927,1046
luciene_arcanjo,598
1079,598
liamabat,598
991,598
SandraCMazzini,612
1028,612
valerialenca,612
1080,612
1015,anacriraoli
1015,1081
rmoura_adv,598
665,598
ritaalves2009,596
1082,596
Pt13Anamaria,676
1083,676
lucimarcmendes,598
1033,598
Marcos_FPessoa,600
1058,600
89nuncamais,600
1084,600
rubensoficial1,630
767,630
ReginaRamao,600
925,600
Rangel_Lucia,678
808,678
rmoura_adv,630
665,630
verabottino,600
744,600
IsaakDinensen,612
1085,612
Rangel_Lucia,676
808,676
diva_silva_,676
1086,676
anamarciajf,612
799,612
1087,SheylaKouri
1087,1088
kknunes3,612
1089,612
ACQueiroz1,600
1090,600
1066,celsoconde10
1066,1091
juliana_jubs,600
1092,600
marta19and,612
1093,612
617,Dra_Simone
617,719
leojunior1,596
1094,596
tiagoacardoso,632
1095,632
DavidRealSugar,596
1096,596
rvianna,676
1097,676
joaquimcartaxo,632
1098,632
eliezerrocha4,783
1045,783
GelFontes,630
1099,630
paulomonarco1,612
760,612
moema4,600
1100,600
194,Buchada_de_Bode
194,600
606,Mayatman
606,1101
1102,Batalladeideas
1102,1103
GabAlbuquerque,632
1104,632
mmggoes,748
1069,748
profronydias,600
1064,600
LuizFBrannco,632
1105,632
rmoura_adv,600
665,600
carmenmaraujo,651
1059,651
Dsrgsc,910
1106,910
HarisonMorente,594
1073,594
Tucciii,612
1107,612
rmoura_adv,632
665,632
celestemartins3,600
1072,600
Matukaj,630
1076,630
1108,ddantaslemos
1108,1109
paulomonarco1,600
760,600
mariaap94213193,594
606,594
CiceroRondonp,600
1054,600
paulomonarco1,600
760,600
I_AC,676
1110,676
Eduardo32526670,600
994,600
serplaci,600
1111,600
JoaocGalo,632
1112,632
dejavudeumpoeta,612
1113,612
Eduardo32526670,600
994,600
CeliaMa65755046,600
1114,600
CiceroRondonp,676
1054,676
heloizacordovil,600
1115,600
UmSabeNada,594
1116,594
CeliaMa65755046,612
1114,612
joaodonida,612
768,612
andre_info,596
1117,596
ediiaa,598
1015,598
andre_info,596
1117,596
wallvaro,600
1118,600
rorozinholi,630
1119,630
mrblackwellrj,600
1120,600
AdrianoMagesky,596
1121,596
ernani_neto,676
1122,676
esantos01_s,724
1123,724
palmeriodoria,612
1124,612
AnimandoC,612
1024,612
JooBenjamimDos2,612
1125,612
bruno_pinheiro,596
1126,596
moema4,678
1100,678
dainahlovyles,676
1127,676
juliocesaramor,600
1128,600
juliana_jubs,600
1092,600
didi_forelsket,600
1129,600
ritaalves2009,630
1082,630
betecamboim,783
1130,783
bloguedosouza,594
1131,594
1132,samiabomfim
1132,1133
CELIAMARIAAL,600
1004,600
esantos01_s,735
1123,735
rorozinholi,632
1119,632
SangueColoradoo,600
1134,600
Matukaj,735
1076,735
heliacalaca,1109
1135,1109
primasilenciosa,600
1136,600
juliana_jubs,600
1092,600
juliana_jubs,600
1092,600
trajanojorge,596
1137,596
MabelTov,600
800,600
609,DaniloTarpani
609,1138
ritaalves2009,630
1082,630
ReginaRamao,724
925,724
crixfa,598
1139,598
clagraca,596
1140,596
mariaap94213193,598
606,598
bhcolin,598
1052,598
Cassunungarosa,600
1141,600
igorcosta1009,783
1142,783
SOS_RIO,600
1143,600
dpollyanna7,676
1144,676
1016,Mavsampaio
1016,1145
mterezavinhal,678
1146,678
ivetefranca,596
1147,596
clagraca,676
1140,676
sergiogau,596
986,596
616,MuriloGalvaao
616,676
bhcolin,598
1052,598
moema4,676
1100,676
ptsul,676
1148,676
vilanovathiago,596
1149,596
Rangel_Lucia,630
808,630
vilanovathiago,910
1149,910
trajanojorge,600
1137,600
stanleyburburin,676
1150,676
124,Buchada_de_Bode
124,600
sonia_divinaa,596
922,596
mariaap94213193,598
606,598
AdeliaBeling,735
834,735
heliacalaca,630
1135,630
1151,Baraujo
1151,1152
juliocesaramor,676
1128,676
lgcury2,632
1153,632
ACQueiroz1,735
1090,735
wadih_damous,596
1154,596
juliocesaramor,678
1128,678
124,oConsciente
124,636
LeneLapa,678
702,678
Goncalvesaaaju,596
1077,596
JulianaLegis,632
1155,632
CacoBrasil2,676
1156,676
XaraDaNaPaula,632
805,632
deise_gracci,632
1157,632
SOS_RIO,600
1143,600
Desrecatada,676
1158,676
acfa1968,939
1159,939
Goncalvesaaaju,596
1077,596
marcosdesousac1,676
972,676
juliocesaramor,678
1128,678
EDUARDOSOPHOS,636
985,636
Liliane_RosaA,598
1160,598
heliacalaca,632
1135,632
CELIAMARIAAL,600
1004,600
985,frestadajanela
985,1161
heliacalaca,735
1135,735
Eduardo32526670,630
994,630
bhcolin,630
1052,630
ruacruzada,598
1162,598
juliocmsalgado,632
1163,632
adeltorohr,630
1164,630
jfsantanasantos,636
1065,636
anacriraoli,632
1081,632
EDUARDOSOPHOS,636
985,636
juliocesaramor,598
1128,598
enteu,632
1165,632
Haadok,636
1166,636
tanosjar,632
1167,632
cleidsontex,596
1168,596
richards091081,598
1169,598
ritaalves2009,630
1082,630
1062,DaniloTarpani
1062,1138
qualquerhuma,1040
1170,1040
LciaPontes1,636
988,636
Bahianinho,708
1171,708
rmoura_adv,600
665,600
drigocesar81,632
1172,632
CELIAMARIAAL,600
1004,600
midiatico,678
1173,678
juliocesaramor,596
1128,596
GFranciscabraga,724
1174,724
981,Politica_Santos
981,1175
jomaria1745,594
1176,594
Patrus_Ananias,632
1177,632
f_17santos,735
1178,735
dionianjos,598
700,598
Riobaldo,718
742,718
ibeninca8,600
1179,600
Sandman998,811
1180,811
dionianjos,600
700,600
616,oConsciente
616,636
clagraca,600
1140,600
rksolucoes123,636
1181,636
dionianjos,600
700,600
dionianjos,600
700,600
dionianjos,600
700,600
MarceloPintoBA,600
1182,600
dionianjos,600
700,600
fabriciobsoares,600
1183,600
vladdico,596
1184,596
freitasfcm,632
1185,632
guiven79,596
900,596
MonseAchigar,598
1186,598
AliciaLuB,630
1187,630
clagraca,632
1140,632
MariaCidada1,636
1188,636
1045,melvieirav
1045,1189
673,uneoficial
673,708
DiegoRochaPR,724
1190,724
EvandroMirandaB,636
980,636
bel_bru,718
827,718
VieiMichele,686
1191,686
lcprestes2016,718
1192,718
freitasfcm,735
1185,735
demo_fantasma,636
1193,636
markosscea7,630
1194,630
afonsopojuca,600
1195,600
carvalhomav,594
1196,594
LciaPontes1,600
988,600
mf_nobrega,630
1197,630
arquiber,724
1198,724
BeneCarrapeta,632
1199,632
murilo_sobral,600
1200,600
Durval13PT,596
605,596
leosquadros,632
1201,632
james_bol,600
1202,600
CarlosSouzaremo,594
1203,594
annamysti,636
1204,636
nacao_off,636
1078,636
673,ramonsyllva22
673,1205
673,StudioArtCtba
673,1206
BeneCarrapeta,708
1199,708
paulodeetarso,969
1207,969
1070,brunocluna
1070,1208
CRehem,600
1209,600
cdouglasmartins,630
1210,630
f_17santos,632
1178,632
marciam05,594
1211,594
evertonvm2,632
1212,632
fabriciasilva29,969
1213,969
AgmonJunior,600
1214,600
godbluffo,600
1046,600
orro007,600
1049,600
1215,Rehjane
1215,1216
_aninhasantoss,1138
1217,1138
mterezavinhal,735
1146,735
obsate,676
877,676
Eduardo32526670,600
994,600
124,oConsciente
124,636
LciaPontes1,600
988,600
AgeBevilacqua,632
1218,632
RicMat123,708
1219,708
f_17santos,600
1178,600
vladdico,630
1184,630
econobrasil,632
1220,632
kazanandrez,632
1221,632
EZombiie,598
1222,598
EvandroMirandaB,600
980,600
anamariatelles,594
1223,594
romualdogdias,632
1224,632
Greece_St,630
1071,630
helderisayama,598
1225,598
SpassosRJ,596
1008,596
anamariatelles,630
1223,630
vladdico,630
1184,630
helderisayama,598
1225,598
oliviapilar,632
1226,632
vladdico,600
1184,600
rksolucoes123,600
1181,600
lgcury2,630
1153,630
aclaudiacnlopes,594
1227,594
annamysti,600
1204,600
mf_nobrega,630
1197,630
fabio10brasil,596
1228,596
Durval13PT,600
605,600
GolpeNuncaMais,600
792,600
SimoneMBRibeir1,594
1229,594
helderisayama,598
1225,598
1230,PSOLOficial
1230,1231
acaciocastro,708
1232,708
152,MudaMais
152,630
Timao_p_Sempre,676
1233,676
LauraTM_MV,735
791,735
EdmilsonOlivei8,600
771,600
giocondaosorio,596
1021,596
Tomandonacuia,596
1234,596
marciam05,636
1211,636
ferri13,596
1235,596
673,OBMascaras
673,1236
625,AnnaLuGama
625,811
helderisayama,630
1225,630
rksolucoes123,636
1181,636
Emilsonrwerner,600
1237,600
ALEXSPINOLA,632
1238,632
pintoaju,596
1239,596
helderisayama,630
1225,630
Marcola1910,594
801,594
GFranciscabraga,822
1174,822
f_17santos,600
1178,600
emirsader,594
1240,594
emerluis,630
1241,630
mcleal59,598
1242,598
annamysti,596
1204,596
_Sarah182,795
1243,795
RelmeMagno,632
1244,632
659,melvieirav
659,1189
amandandbs,594
1245,594
673,carlosedusol
673,1246
cesarmide,632
1247,632
ponzojunior,630
1248,630
LauraTM_MV,632
791,632
indignacaoexp,598
1249,598
guedesmaayara,630
1250,630
_Sarah182,598
1243,598
andreibh,632
1251,632
Coroasso,630
1252,630
felipe_cazuza,594
862,594
RIP_1988,686
1253,686
640,FrenteBRPE
640,678
ibeninca8,735
1179,735
LeciMascarenha3,596
1254,596
1004,matheusfarias_
1004,1255
melizacaramez,735
1256,735
MarildaAMelo,594
1257,594
LLeniseduarte,596
1258,596
ernani_neto,992
1122,992
melizacaramez,708
1256,708
indignacaoexp,598
1249,598
ibaztx,1189
1259,1189
CRehem,600
1209,600
GealNN,630
1260,630
VieiMichele,594
1191,594
bloguedosouza,678
1131,678
VeronicaArqui,1101
1261,1101
betavox,632
1262,632
Genege012Massa,632
1263,632
MrJohnVoorhees,969
1264,969
Cassunungarosa,735
1141,735
AdrianaB1957,1175
1265,1175
Amorima94,596
1266,596
freitasfcm,783
1185,783
rksolucoes123,615
1181,615
mhcoutinho_48,632
1267,632
gilberto_sassi,632
1268,632
1269,janbrasileiro_
1269,1270
Nilda_ES,632
1271,632
221,tiacarmela
221,992
jlasabella,600
1272,600
1paulomoreira,596
1273,596
hemaal,735
1274,735
EfEneida,630
1275,630
Aletacoe,594
1276,594
tebetmarcia,600
897,600
tebetmarcia,600
897,600
Galkmim,795
1277,795
tebetmarcia,600
897,600
cornelioalencar,818
1278,818
midiatico,632
1173,632
_Sarah182,630
1243,630
FafaGramacho1,708
998,708
esquilo_,632
1279,632
tebetmarcia,598
897,598
821Claudia,632
1280,632
MariaCidada1,630
1188,630
indignacaoexp,600
1249,600
reinaldopt13,632
1281,632
ernani_neto,632
1122,632
673,villa13013
673,1282
GFranciscabraga,708
1174,708
FFrajola,598
1283,598
RIP_1988,632
1253,632
EdmilsonOlivei8,735
771,735
Leonard37696862,678
1284,678
Hgonzana,598
1285,598
988,tiacarmela
988,992
LciaHelenaMenez,632
1286,632
lucimarcmendes,600
1033,600
americacesar12,594
1287,594
monicabsantos5,632
1288,632
LLeniseduarte,596
1258,596
htakeindaia,632
1289,632
ricardo201611,598
1290,598
_Sarah182,632
1243,632
alinebrandao21,676
1291,676
ppbuxbaum,594
1292,594
673,uneoficial
673,708
MagdalenaM21,630
1293,630
VieiMichele,594
1191,594
Sebastiodosoco4,630
1294,630
marciamussa2,724
1295,724
marcelo_irineu,632
1296,632
mgonzaguinha,632
1297,632
Marcola1910,686
801,686
ruacruzada,630
1162,630
bebummineiro,598
1298,598
D4ntcar,600
1299,600
multishow,969
1300,969
MarildaAMelo,1152
1257,1152
profsamueljr,632
1301,632
194,MudaMais
194,630
vdifiore,630
1302,630
640,uneoficial
640,708
maria_possa,676
918,676
UmSabeNada,632
1116,632
Socorrofpb,600
1303,600
cordovaFAPE,632
1304,632
Cassunungarosa,630
1141,630
mfostwald,600
1305,600
tebetmarcia,600
897,600
673,1313luizianne
673,1306
Quimreis,615
1307,615
maqueteBrasil,632
1308,632
TudoPorAeF,686
1309,686
JoseNiltonCost3,598
1310,598
mfostwald,600
1305,600
desbocadaDeBar,632
1311,632
RicMat123,594
1219,594
gamesabu92,747
1312,747
ptbrasil,632
1313,632
PersonalEscrito,1231
1314,1231
AnaBHMorais,630
1315,630
mfostwald,600
1305,600
ReisNil,600
1316,600
673,marceljulio
673,1317
JoseTiaraju,630
1318,630
1319,maria_fro
1319,1320
MSARABELO,598
1321,598
NegreirosGil,598
1322,598
levy_nascimento,615
1323,615
FernandaArgent,632
1324,632
Katiin,632
1319,632
joaodonida,600
768,600
waltergpinto,1046
1062,1046
francinaldoca18,594
1325,594
SturtSilva,632
1326,632
pppppedrrroo145,600
1327,600
ronneynogueira,630
1328,630
202,cbaraodeitarare
202,632
ediiaa,594
1015,594
rose38705916,600
789,600
673,DaniloTarpani
673,1138
TMicht,632
1329,632
ltpaivacosta,600
1330,600
andfior,632
1331,632
BeneCarrapeta,630
1199,630
cordovaFAPE,630
1304,630
BeneCarrapeta,598
1199,598
iran_vale,818
866,818
FernandaArgent,708
1324,708
CiCkelly,598
666,598
SturtSilva,598
1326,598
MSARABELO,598
1321,598
elima671a,598
860,598
RicMat123,1101
1219,1101
vagnerhutz,630
1332,630
1166,desbocadaDeBar
1166,1311
vascomunistas,630
1333,630
mfostwald,708
1305,708
F1Dos,724
863,724
Reality_Xou,1046
1334,1046
SNunes_F,783
1335,783
mfostwald,632
1305,632
VieiMichele,594
1191,594
673,HeikeWeege
673,1336
616,cbaraodeitarare
616,632
trajanojorge,598
1137,598
james_bol,708
1202,708
freitasfcm,630
1185,630
joaodonida,632
768,632
bel_bru,632
827,632
ptbrasil,630
1313,630
792,Mayatman
792,1101
GFranciscabraga,632
1174,632
marciafsouto,594
1337,594
milongapitt,594
1338,594
Amorima94,598
1266,598
trajanojorge,598
1137,598
oobservadorbr,632
718,632
636,uneoficial
636,708
odio_nao,686
1339,686
fia_tc,598
1340,598
prof_monsalvo,992
1341,992
henriqs_leo,708
1070,708
jota_144,598
1342,598
PBtresMeiaCinco,822
1343,822
rose38705916,600
789,600
LauraTM_MV,598
791,598
Rangel_Lucia,598
808,598
221,MVM_News
221,724
jlasabella,594
1272,594
p_resende,630
1344,630
FafaGramacho1,594
998,594
henriqs_leo,686
1070,686
SNunes_F,676
1335,676
henriqs_leo,74
1070,74
etel1935,1109
1345,1109
freitasfcm,598
1185,598
QueirozEliete,598
757,598
henriqs_leo,811
1070,811
Sergio_CPS,724
1346,724
joaodonida,594
768,594
tebetmarcia,600
897,600
Buchada_de_Bode,598
600,598
giocondaosorio,724
1021,724
leocolins,636
1347,636
1348,MSubcomandante
1348,1349
820,SheylaKouri
820,1088
nelson52265929,594
1350,594
1351,165b319c7b91483
1351,1352
WGomes191,1180
1353,1180
820,melvieirav
820,1189
1348,frd_resistencia
1348,1354
ailovetuancosta,1088
1355,1088
1356,hilde_angel
1356,1357
1358,DpglassParra
1358,1359
1360,Ticostacruz
1360,1361
1360,filla_paulo
1360,1362
CapitalVixES,1088
1351,1088
Celso_Leite,1362
1363,1362
IPompermayer,1352
1364,1352
1365,marcostalhari
1365,1366
123,Sandman998
123,1180
Lelecoutz,1088
1360,1088
1367,dufernandess_
1367,1368
CapitalVixES,1088
1351,1088
1100,hilde_angel
1100,1357
853,DpglassParra
853,1359
SergioSantonio,1088
1369,1088
LciaCorrea,1088
1370,1088
filla_paulo,1180
1362,1180
LciaCorrea,1180
1370,1180
IPompermayer,1357
1364,1357
1371,brasildamudanca
1371,1372
853,DpglassParra
853,1359
filla_paulo,1088
1362,1088
1100,flaviojosern
1100,1373
1374,hamenteslivres
1374,1375
1376,fatimabezerra
1376,1377
marcostalhari,1362
1366,1362
617,brasildamudanca
617,1372
Mais_um_Cara,1180
1378,1180
nelson52265929,1180
1350,1180
1100,DpglassParra
1100,1359
1379,IvanValente
1379,1380
832,brasildamudanca
832,1372
Fernando_Negrao,1180
1381,1180
ritaleeparanoic,1189
1382,1189
monicammbarroso,1088
1383,1088
LUISALCANTARA,695
1384,695
tsd_sd,1088
1385,1088
elzamariana,1361
1386,1361
927,filla_paulo
927,1362
1141,maluca6565
1141,1387
AtitudeNoqueDIZ,594
1388,594
marina_tsouza,1377
1389,1377
marciaafig,1180
1390,1180
MCCdoBrasil,610
1391,610
silvano984,1088
1392,1088
1393,Rosaniba
1393,1394
tietadomal,1088
1395,1088
crainha,594
1396,594
samuels65215613,1380
1397,1380
Aletacoe,594
1276,594
RafaelSntos72,1380
1398,1380
1089,IvanValente
1089,1380
1399,RoseGimenes
1399,1400
AndreiaFranco_,1361
1401,1361
Flunatica,1351
1402,1351
1403,Josuedabreu
1403,1404
924,SheylaKouri
924,1088
gojammaj,1354
1405,1354
200,brasildamudanca
200,1372
gojammaj,1088
1405,1088
AtitudeNoqueDIZ,594
1388,594
1356,IvanValente
1356,1380
MARCELGC,1361
1406,1361
810,SheylaKouri
810,1088
ppentelhao,1088
1407,1088
Nil_Lucena,1372
1408,1372
coimbramariap,594
924,594
1409,soldadonofront
1409,1410
denpaula,1380
1411,1380
AtitudeNoqueDIZ,594
1388,594
BiaSousa39,1361
1412,1361
1356,Ticostacruz
1356,1361
Fabianos40,1180
1413,1180
RafaelSntos72,1372
1398,1372
IPompermayer,1180
1364,1180
LucioNicolau,1361
1414,1361
924,Dirlop13
924,1415
860,SheylaKouri
860,1088
educastilho7,1180
1416,1180
NeivaMara,1354
1399,1354
1417,Lamipaiva
1417,1418
Ribeiro54srf,1354
1419,1354
kleytonrezende,1354
1420,1354
1358,IvanValente
1358,1380
NeivaMara,1088
1399,1088
madalenacarpa,1362
1421,1362
9deazevedo,1380
1422,1380
1233,frd_resistencia
1233,1354
Lessajt,1418
1423,1418
1233,frd_resistencia
1233,1354
820,frd_resistencia
820,1354
1100,marcostalhari
1100,1366
AurelioArturo15,1418
1424,1418
1425,DeputadoFederal
1425,1426
nick_iannic,1418
1427,1418
1100,Lamipaiva
1100,1418
1366,brasildamudanca
1366,1372
1362,marcostalhari
1362,1366
682,Sandman998
682,1180
Lessajt,1351
1423,1351
marciaafig,594
1390,594
Mais_um_Cara,811
1378,811
aneliram_gomes,1372
1428,1372
1429,ivanabentes
1429,1430
rsantostuitter,1372
1431,1372
1432,NITIFA
1432,1433
Lulala2018,1351
1434,1351
Yghacci,1418
1435,1418
1100,IvanValente
1100,1380
1436,etamundo
1436,1437
832,marcostalhari
832,1366
Lulala2018,1426
1434,1426
turquim5,1418
1438,1418
moema4,719
1100,719
1141,IvanValente
1141,1380
ArajoDarcy,1361
1439,1361
vilins_,1361
1440,1361
taniaeginaramos,1361
1441,1361
WGomes191,1088
1353,1088
1442,RiellaTania
1442,1443
Lulala2018,1380
1434,1380
JprcamposR,1354
1444,1354
filla_paulo,719
1362,719
Mais_um_Cara,1354
1378,1354
berntbr,1430
1445,1430
1178,marcostalhari
1178,1366
fatimaleaum,1359
1371,1359
ednacanaa,1372
1446,1372
Mofiliz,1088
1447,1088
BhzKika,1372
1448,1372
1100,brasildamudanca
1100,1372
ophiokhos201213,594
1449,594
joomikhail,1380
1450,1380
924,DeputadoFederal
924,1426
BRFEANDR,1380
1451,1380
733,brasildamudanca
733,1372
189,DeputadoFederal
189,1426
PatativaMoog,1372
1452,1372
832,frd_resistencia
832,1354
DricaCamaraRio,1372
1453,1372
Odetesilvia,992
1454,992
1455,_SilTorres
1455,1456
RodP13,1372
1457,1372
1122,frd_resistencia
1122,1354
miguelreginaldo,852
1458,852
rosa_vicentee,719
1459,719
FURUKAVA,1362
1460,1362
Sandman998,668
1180,668
Etenajlroyal,852
1461,852
1451,moizez01
1451,1462
AtitudeNoqueDIZ,719
1388,719
1100,frd_resistencia
1100,1354
ednacanaa,1426
1446,1426
1463,midiacrucis
1463,1464
RitaMir92722040,1354
1465,1354
HomeroSobrinho,1415
1466,1415
BRFEANDR,1088
1451,1088
912,brasildamudanca
912,1372
ednacanaa,1088
1446,1088
1467,daniellucio_pro
1467,1468
sanzthi,610
1469,610
AndreiKauer,1354
1470,1354
MellTinoco,1362
1471,1362
prof_Lena,1372
1472,1372
iaconstante,1377
1473,1377
necunha,1088
1474,1088
lilibezerra13,1088
1475,1088
1476,Aldenira13
1476,1477
PauloTruglio,1377
1478,1377
643,Aldenira13
643,1477
PauloTruglio,1477
1478,1477
853,Aldenira13
853,1477
luizamenezes13,1354
1479,1354
SpinaOficial,1354
1480,1354
denise_depaula,594
1481,594
1388,DeputadoFederal
1388,1426
AnnaS_Gdottir,1477
1482,1477
811,fatimabezerra
811,1377
zzezeh,1088
1483,1088
iaconstante,1372
1473,1372
1100,frd_resistencia
1100,1354
1388,DeputadoFederal
1388,1426
gervasiodarocha,1352
1484,1352
mercio,1088
1485,1088
aloysiopqp,1313
1486,1313
1100,RitaMir92722040
1100,1465
filla_paulo,1088
1362,1088
IPompermayer,934
1364,934
iaconstante,1180
1473,1180
860,filla_paulo
860,1362
gervasiodarocha,1352
1484,1352
sofrenciavondy,939
1487,939
concursadasesa,695
1488,695
1364,Elaine196919
1364,1489
neuzavieiraa,1088
1490,1088
geraldoazevedof,1088
1491,1088
marzenaide,982
1492,982
1493,suzileao
1493,1494
1495,MortadelaAtomic
1495,1496
f_17santos,668
1178,668
Taranto52,1430
1497,1430
Jhanadiva,939
1498,939
665,SheylaKouri
665,1088
693,SheylaKouri
693,1088
1388,DeputadoFederal
1388,1426
1166,filla_paulo
1166,1362
1388,DeputadoFederal
1388,1426
1388,DeputadoFederal
1388,1426
1388,DeputadoFederal
1388,1426
1388,DeputadoFederal
1388,1426
1499,oBarbudinho
1499,1500
Odetesilvia,995
1454,995
1501,virtudecidadani
1501,1502
1503,VanRegia13
1503,1504
1505,PortalNoArBR
1505,1506
ValeriaLessaMot,74
1499,74
f_17santos,811
1178,811
1388,DeputadoFederal
1388,1426
1388,DeputadoFederal
1388,1426
ThiagoLudita,1354
1507,1354
MarantoBR,1180
1508,1180
1025,DeputadoFederal
1025,1426
aloysiopqp,1088
1486,1088
1388,DeputadoFederal
1388,1426
189,SheylaKouri
189,1088
iriabarradas,1088
1509,1088
719,SheylaKouri
719,1088
CSA1103,1180
1510,1180
CSA1103,477
1510,477
988,DeputadoFederal
988,1426
aneliram_gomes,627
1428,627
elainepaulobar1,1377
1511,1377
1362,humbertocostapt
1362,1512
1513,cutnacional
1513,1514
pabloamorim27,708
1513,708
609,filla_paulo
609,1362
nadia__c,1372
1515,1372
pabloamorim27,939
1513,939
marqueskdu,811
1516,811
ElaneRochaSouza,1503
1517,1503
pabloamorim27,1512
1513,1512
LciaPontes1,811
988,811
pabloamorim27,594
1513,594
pabloamorim27,594
1513,594
CSA1103,1088
1510,1088
RegeaneFerreira,1426
1518,1426
pabloamorim27,1180
1513,1180
pabloamorim27,477
1513,477
pabloamorim27,1372
1513,1372
NoCeuENaTerra,1088
1519,1088
189,filla_paulo
189,1362
pabloamorim27,1377
1513,1377
1513,Sou_SouTricolor
1513,1520
pabloamorim27,1088
1513,1088
pabloamorim27,1088
1513,1088
pabloamorim27,1380
1513,1380
pabloamorim27,811
1513,811
1521,rahmoutinho
1521,1522
duarte_lize,1426
1523,1426
chmoreira,1500
1524,1500
beleleuleleu,747
1525,747
711,SheylaKouri
711,1088
Marcola1910,594
801,594
915,frd_resistencia
915,1354
832,SheylaKouri
832,1088
bunda_reaca,1088
1526,1088
Helio_Aquino7,1426
1527,1426
922,joaoluciomjr
922,1528
Paforet,1088
1529,1088
AtitudeNoqueDIZ,1362
1388,1362
IsraelAlmeida,811
1530,811
pascoalzarzoso,627
1531,627
AtitudeNoqueDIZ,605
1388,605
pascoalzarzoso,1270
1531,1270
Alex_spa_,1465
1532,1465
915,marcostalhari
915,1366
946,Blancalling
946,1533
991,joaoluciomjr
991,1528
Paforet,1426
1529,1426
946,MiriamOnofrio
946,1534
1535,lucianagenro
1535,1536
Sylviobello,627
1537,627
CARMINHABRANCO,1362
1538,1362
1539,ProletarioNews
1539,1540
ManinhoLeite,594
1541,594
marcos77332211,594
1542,594
1233,suzileao
1233,1494
NigerMamba,1088
1543,1088
Cassunungarosa,594
1141,594
angelinafcoelho,1015
1544,1015
PatativaMoog,1415
1452,1415
1545,o_colecionador
1545,1546
Cassunungarosa,811
1141,811
IsraelAlmeida,1180
1530,1180
Alex_spa_,1372
1532,1372
911,suzileao
911,1494
ingridmariana,594
1547,594
991,tiacarmela
991,992
ComDilmaComLula,1377
1548,1377
803,SheylaKouri
803,1088
1549,hugobbezerra
1549,1550
911,SheylaKouri
911,1088
BorninBR,1540
1551,1540
Lulala2018,594
1434,594
deialana,811
1552,811
artsauerpianist,1270
1553,1270
BorninBR,594
1551,594
ruthvieira,1426
1554,1426
IsraelAlmeida,1410
1530,1410
769,SheylaKouri
769,1088
769,SheylaKouri
769,1088
ericalima32,1494
1555,1494
IsraelAlmeida,992
1530,992
769,SheylaKouri
769,1088
rabelo_marizita,1426
1556,1426
1557,ProfLeLeal
1557,1558
arildofh,1456
1559,1456
fermar1109,1426
1560,1426
1561,ruaiso
1561,1562
1434,guidorezende
1434,1563
Alex_spa_,1354
1532,1354
GFranciscabraga,811
1174,811
1564,Lilicorrea
1564,1565
duard,1145
1566,1145
RegeaneFerreira,695
1518,695
PTnoSenado,811
1567,811
ManinhoLeite,594
1541,594
ComDilmaComLula,1410
1548,1410
Timao_p_Sempre,1088
1233,1088
1568,betopaes13
1568,1569
RegeaneFerreira,594
1518,594
ComDilmaComLula,1180
1548,1180
edsondkdireito,594
1570,594
ravennamoraes,594
1571,594
JulioLimaPT,1426
1572,1426
1404,DeputadoFederal
1404,1426
1100,RitaMir92722040
1100,1465
mulhergorila,1494
1549,1494
marcos77332211,1088
1542,1088
elisduvi,1496
1573,1496
Caroll_Oliva,1465
1574,1465
ManinhoLeite,1465
1541,1465
f_17santos,594
1178,594
OnesioMiguel,1088
1575,1088
ERIKAHELLEN9,1494
1576,1494
erivanraposo,1456
1577,1456
1578,vesgoleo
1578,1579
Sangue_Latino,1494
1580,1494
Alessafortuna,1477
1581,1477
CarolinaYsef,1494
1582,1494
1059,suzileao
1059,1494
jucilenedasil20,610
682,610
1258,suzileao
1258,1494
ALZIRALOPES18,1494
1583,1494
lulimorais,1494
1584,1494
wanderley999,594
1585,594
820,midiacrucis
820,1464
EvertonAlmeyda,594
1586,594
fragaaaf,1088
1587,1088
wanderley999,594
1585,594
terezajacinta,708
1588,708
mcleal59,594
1242,594
1059,RitaMir92722040
1059,1465
NigerMamba,1088
1543,1088
988,midiacrucis
988,1464
danibentancor2,1456
1589,1456
687,SheylaKouri
687,1088
ManinhoLeite,1494
1541,1494
1278,_SilTorres
1278,1456
edsondkdireito,1456
1570,1456
midiacrucis,1456
1464,1456
Jrg_Lima,1494
1590,1494
AndrFigueired13,1088
1591,1088
988,SheylaKouri
988,1088
AndrFigueired13,1088
1591,1088
ArturPBarbosa,594
1592,594
carmenmaraujo,610
1059,610
caabien,1579
1593,1579
WeltonCAlves,1088
1594,1088
1595,Mau_Petralha
1595,1596
LeCommunard,1404
1597,1404
738,SheylaKouri
738,1088
cassiano_moura,1494
1598,1494
LuidyLully,1579
1599,1579
nemojaime,1362
1600,1362
892,Josuedabreu
892,1404
646,SheylaKouri
646,1088
189,Josuedabreu
189,1404
MarcosMazoni,1180
1601,1180
Cellones_,1088
1602,1088
Caroll_Oliva,1088
1574,1088
1066,brasildamudanca
1066,1372
646,midiacrucis
646,1464
RaulSilvestre,1354
1603,1354
988,SheylaKouri
988,1088
monicammbarroso,1180
1383,1180
Mariabevilaqua,74
1604,74
1066,brasildamudanca
1066,1372
vovomaluquinha,1088
1605,1088
adju7,594
1606,594
_ttauan,1579
1607,1579
687,midiacrucis
687,1464
LeiteCarolinaa,594
1608,594
ManinhoLeite,1377
1541,1377
JuliNadir,1088
1609,1088
ana_benossi,1579
1610,1579
mariaeunicesra,1372
1611,1372
marildaolivnasc,594
1612,594
Helio_Aquino7,1270
1527,1270
msborrasca,1377
1467,1377
DIREITAEUVOUVER,1426
1613,1426
1614,bastos211
1614,1615
1616,mirianweber
1616,1617
mtn_gi,1579
1618,1579
socorrosales,1372
1619,1372
Tg_247,594
1620,594
marildaolivnasc,747
1612,747
DIREITAEUVOUVER,1372
1613,1372
Leandro_Miguel,1270
1621,1270
1309,guidorezende
1309,1563
alessandrosimas,1377
1622,1377
1623,astropussey
1623,1624
1625,Fatnegao
1625,1626
646,brasildamudanca
646,1372
988,frd_resistencia
988,1354
606,janbrasileiro_
606,1270
HeyGuel,1477
1627,1477
770,Aldenira13
770,1477
801,frd_resistencia
801,1354
1628,gustavograminho
1628,1629
Geraldosadz,1494
1630,1494
0217k2015,1270
1631,1270
ralvescampos,1145
1632,1145
saguasmoraes,1270
1633,1270
ALZIRALOPES18,1012
1583,1012
BleyLacerda,1615
1634,1615
CrazyForDilma,1494
1635,1494
946,iisabelcgs
946,1012
WaldenirXavier,1494
1614,1494
1636,nntclayton
1636,1637
saguasmoraes,627
1633,627
ruaiso,1372
1562,1372
PauloVinicius65,594
1638,594
MarildaAMelo,594
1257,594
1082,brasildamudanca
1082,1372
681,Aldenira13
681,1477
JULIOCFFERREIRA,1615
1639,1615
LeCommunard,1372
1597,1372
LeCommunard,1145
1597,1145
1640,arcostabsb
1640,1641
hemattos,594
1642,594
valdirnascrec,594
1643,594
kilkerry48,594
1644,594
matheuzo96,1372
1645,1372
valdirnascrec,939
1643,939
207,hamenteslivres
207,1375
DIREITAEUVOUVER,1372
1613,1372
954,iisabelcgs
954,1012
cmedeiros,594
1646,594
cmedeiros,1377
1646,1377
guilherminaramo,74
1647,74
189,zezaestrela
189,1648
DIREITAEUVOUVER,1145
1613,1145
sulesp,1433
1649,1433
elima671a,594
860,594
Supervisora,1637
1650,1637
JCRSOUZA,1372
1651,1372
FURUKAVA,1377
1460,1377
nemojaime,1372
1600,1372
643,filla_paulo
643,1362
AnaFaguaga,1372
1652,1372
janesjorge,1496
1653,1496
1654,ivoutombar
1654,1655
manoel_honoratt,1477
1656,1477
738,RoseGimenes
738,1400
1135,fatimabezerra
1135,1377
melizacaramez,1180
1256,1180
Almeida_Uno,1496
1657,1496
educastilho7,1362
1416,1362
1309,marialicefreit2
1309,1658
1135,brasildamudanca
1135,1372
lcmoura,1496
1659,1496
PauloEugenioPT,1372
1660,1372
AnnaAnnakscosta,1377
1661,1377
BelemSjp,747
1662,747
SilvioCTalavera,594
1663,594
1664,Luisa_Stern
1664,1665
Aldenira13,1377
1477,1377
jennifer162713,594
1666,594
1122,Mavsampaio
1122,1145
808,Josuedabreu
808,1404
pesquisas2010,1496
1667,1496
auricbranco,594
1668,594
jennifer162713,1362
1666,1362
CartasMarottas,1375
1669,1375
Leonek_,74
1670,74
auricbranco,594
1668,594
1100,Josuedabreu
1100,1404
shiwinha,1426
1671,1426
fraca_abusada,1404
1672,1404
1328,DeputadoFederal
1328,1426
adauri,1426
1673,1426
adauri,1500
1673,1500
guguiam,1377
1674,1377
tainaslm,594
1675,594
917,brasildamudanca
917,1372
1676,gabiiol
1676,1677
123,NITIFA
123,1433
edmilsopt,1377
1678,1377
Etenajlroyal,1426
1461,1426
fabiolafonte1,1372
1679,1372
4ndFC,1270
1680,1270
ElenaSeger,1426
1681,1426
Vianaarte,1648
1682,1648
1683,VolneyAlbano1
1683,1684
PTnoSenado,1377
1567,1377
msborrasca,1410
1467,1410
betopaes13,594
1569,594
Mconfirma,1377
1685,1377
1467,suzileao
1467,1494
rabelo_marizita,1433
1556,1433
denisearcoverde,1372
1686,1372
edisonmunhozrj,1145
1687,1145
ppentelhao,1372
1407,1372
doutorchefe,594
1688,594
aldosm44,1375
1689,1375
Supervisora,1372
1650,1372
rabelo_marizita,1375
1556,1375
ppentelhao,1372
1407,1372
denisearcoverde,1426
1686,1426
wicketoliver,594
1690,594
687,midiacrucis
687,1464
1407,DeputadoFederal
1407,1426
BrantRoberto,1426
1691,1426
filla_paulo,594
1362,594
808,brasildamudanca
808,1372
860,DeputadoFederal
860,1426
BleyLacerda,1354
1634,1354
ReginaGondim1,1426
1692,1426
1693,merdesigner
1693,1694
1695,Paulimbh
1695,1696
edisonmunhozrj,1180
1687,1180
costa_leda,1270
1697,1270
BleyLacerda,1372
1634,1372
eu_lpp,1496
1698,1496
ReginaGondim1,1528
1692,1528
AlineStevanatto,982
1699,982
guguiam,1375
1674,1375
luciana_onofre,594
1700,594
ligiaflordelis,1433
1701,1433
1702,fadaropalazini
1702,1703
1100,blogdoprofex
1100,1704
dorafilha,1145
1702,1145
ReginaGondim1,1500
1692,1500
808,brasildamudanca
808,1372
BleyLacerda,1372
1634,1372
1209,NITIFA
1209,1433
AndreiKauer,1433
1470,1433
SILVANAFERRAZ49,1433
1705,1433
jucaramteixeira,612
1706,612
1707,sebastiaoasouza
1707,1708
1706,linneydias
1706,1709
baptista_rose,1366
1710,1366
1706,Leonardosni
1706,1711
988,hamenteslivres
988,1375
1712,Lena_Mello
1712,1713
rabelo_marizita,1266
1556,1266
988,HDr_Z7
988,1714
BinhoNeves,1375
1715,1375
1634,zezaestrela
1634,1648
1716,semioticas
1716,1717
lulamorais,594
1718,594
Lulivianna,1433
1719,1433
972,hamenteslivres
972,1375
sergioghc,1375
1720,1375
esfera_celulose,1540
1721,1540
1SRochaS,1372
1722,1372
rochinha13,1145
1723,1145
dilmista,1648
1724,1648
aldosm44,1477
1689,1477
Sangue_Latino,1433
1580,1433
1122,brasildamudanca
1122,1372
631,sebastiaoasouza
631,1708
mikikarvalho,594
1725,594
turquim5,1375
1438,1375
DeixeE,747
1726,747
MarioLucioMG,1372
1727,1372
1728,kellinha2016
1728,1729
GioRodrigues1,1362
1730,1362
MMiguelBH,1266
1731,1266
turquim5,1433
1438,1433
vovomaluquinha,1558
1605,1558
M_Angel_2016,811
1732,811
rmarizete,594
895,594
VictorLouSan,1372
1733,1372
FernandoPrrn,627
1734,627
oPeFalante,1453
1735,1453
filo1717,594
1712,594
DIVABREU,1068
1736,1068
SergioPRibeiroF,1528
1737,1528
895,Lamipaiva
895,1418
1591,deverde13
1591,1738
vlaoaot,1362
1739,1362
n21232530,1520
1740,1520
elanosena,1372
1741,1372
clairzeni,1372
1742,1372
FlaRobSal,1426
1743,1426
GioViana71,1266
1744,1266
ALZIRALOPES18,1372
1583,1372
879,marcostalhari
879,1366
Olavo5Olavo,594
1745,594
SergioPRibeiroF,1372
1737,1372
yellowsweater_,1536
1746,1536
henrique_jmo,1266
1747,1266
647,Mavsampaio
647,1145
DavidTeixeira11,1453
1748,1453
Jaqueli87167182,1377
1749,1377
rsgomes1971,1520
1750,1520
1751,turbo2001trak
1751,1752
lcmoura,1372
1659,1372
917,Amorima94
917,1266
turquim5,1266
1438,1266
rodrigodemell13,747
1753,747
frulanis,1520
1754,1520
1755,rodrigoekerma
1755,1756
midiacrucis,1453
1464,1453
647,Sou_SouTricolor
647,1520
filo1717,1372
1712,1372
midiacrucis,1145
1464,1145
esquerdotado,1641
1757,1641
devesonmota,1372
1758,1372
jcsdaniel,1708
1759,1708
204,IvanValente
204,1380
nadir_melo,1426
1760,1426
AnaConcli,1145
1761,1145
647,brasildamudanca
647,1372
1307,gamaaires
1307,1762
AnaConcli,1380
1761,1380
1464,solange_igarash
1464,1763
seontasa,1714
1764,1714
ToniBulhoes,1729
1765,1729
MarceloUeki,1763
1766,1763
221,LuaSantis
221,747
MarcioBeyer,477
1767,477
1128,brasildamudanca
1128,1372
patativaparana,1372
1768,1372
838,brasildamudanca
838,1372
filo1717,1426
1712,1426
221,solange_igarash
221,1763
LiciaCarmen,1752
1769,1752
1770,chico_dangelo
1770,1771
1114,humbertocostapt
1114,1512
1413,AndreaRBMota
1413,1772
1413,oBarbudinho
1413,1500
ArimateiaMacedo,610
1773,610
esquerdotado,747
1757,747
GuilhermeTom,477
1774,477
1351,brasildamudanca
1351,1372
MirnaRibeiro1,594
1775,594
223,Dra_Simone
223,719
araujosergio,1362
1776,1362
912,brasildamudanca
912,1372
rsgomes1971,1626
1750,1626
1376,NITIFA
1376,1433
filla_paulo,477
1362,477
RosaDiniz_1,1762
1777,1762
MarcosASSinf,594
1778,594
Marines_ss,1270
1779,1270
635,marcostalhari
635,1366
dallvaolliver,1270
1780,1270
1781,ddilma
1781,1782
AGGREGARE3471,594
1783,594
valleleila9,594
1784,594
vlaoaot,1426
1739,1426
carolmart99,1180
1785,1180
anapiracicaba,1354
1786,1354
carlosmheraclio,594
1787,594
1788,EngCas
1788,1789
vlaoaot,1641
1739,1641
cnunesc,1641
1790,1641
AnaConcli,1362
1761,1362
nobre_silvio,477
1791,477
sebastiaoasouza,747
1708,747
aldeianago,1437
1792,1437
LucasVPN011,1372
1793,1372
ManinhoLeite,594
1541,594
LucasVPN011,612
1793,612
jcsdaniel,594
1759,594
byanapatricia,1426
1794,1426
filo1717,1372
1712,1372
1712,ReginaSalomo
1712,1795
pedruss,1372
1796,1372
1269,Fatnegao
1269,1626
AGGREGARE3471,1752
1783,1752
AGGREGARE3471,1528
1783,1528
marciav2015,1372
1797,1372
rairibeirof,627
729,627
cleberlr75,1372
1798,1372
brunnoralph,1714
1799,1714
Marcelocpz46,594
1800,594
207,mluciares
207,697
988,Fatnegao
988,1626
ertrevisan,74
1801,74
jho_sl,1528
1802,1528
ellismello,1372
1803,1372
1033,Sandman998
1033,1180
rivillaca,1354
1804,1354
DanielDcmjr,1626
1805,1626
GlayCanedo,1426
1806,1426
pedronelito,1372
1807,1372
Paivasil,1372
1808,1372
annitadias,594
1809,594
sandradinyz,1372
1810,1372
683,oBarbudinho
683,1500
NatRedante,1180
1811,1180
SamaroneFlu,695
1812,695
1813,anielucy25
1813,1814
207,DeputadoFederal
207,1426
IrenicePinheiro,1270
1815,1270
Pris_sz,1270
1816,1270
123,mrschopf
123,1068
1414,zededao13
1414,1817
PosseSemVoto,1426
1501,1426
1237,brasildamudanca
1237,1372
vemveralua,1641
1818,1641
EstradadoMarRS,1426
1819,1426
1709,marinete_leite
1709,1820
fxramos,594
1821,594
1362,DeputadoFederal
1362,1426
Bjasanhadadobar,1372
1822,1372
sonia_divinaa,74
922,74
MarinesMoura,1426
1823,1426
turquim5,1426
1438,1426
1824,MariluParreiras
1824,1825
789,brasildamudanca
789,1372
cappozzi,1372
1826,1372
JULIOCFFERREIRA,1366
1639,1366
Garygaribaldi,610
1827,610
899,brasildamudanca
899,1372
PedroWestDre,1372
1828,1372
1438,ReginaSalomo
1438,1795
dallvaolliver,1426
1780,1426
mary_joy_morais,1494
1829,1494
alexsandraponce,1068
1348,1068
123,humbertocostapt
123,1512
turquim5,1372
1438,1372
marinamellob,697
1830,697
edsonmneto721,1437
1831,1437
vlaoaot,748
1739,748
edsonalmeida,1426
1832,1426
jcsdaniel,1512
1759,1512
CosmeHenriqueRJ,1362
1833,1362
ricardo29587495,1773
1834,1773
nemojaime,1354
1600,1354
WALNEICSANTOS,1270
1835,1270
rachelinee,1270
1836,1270
PauloBa88656680,1437
1813,1437
saya_jina,1512
1837,1512
VelindaDe,1426
1838,1426
1100,etamundo
1100,1437
fraca_abusada,1270
1672,1270
cris_amarantte,1641
1839,1641
1672,turbo2001trak
1672,1752
dezbora,1752
1840,1752
dezbora,1270
1840,1270
mary_joy_morais,697
1829,697
Brasil_comS,1752
1841,1752
EstradadoMarRS,1270
1819,1270
SouToledo,594
1842,594
panjokermeso,1641
1843,1641
1156,turbo2001trak
1156,1752
sonia_machado,1641
1844,1641
nemojaime,477
1600,477
flaviomuller,1270
1845,1270
GalbinoVolnei,1372
1846,1372
JoselitoCarnei3,1752
1847,1752
patilins,594
1848,594
waldemberg10,1506
1849,1506
turquim5,1437
1438,1437
Leon_engler,1536
1850,1536
Gustavocalovi,1145
1851,1145
PauloBa88656680,668
1813,668
mariathais2015,1372
1852,1372
235,filla_paulo
235,1362
beto_guedespb,627
803,627
988,humbertocostapt
988,1512
modairarubio,1512
1853,1512
LFeministe,1512
1854,1512
700,humbertocostapt
700,1512
438,vandonobre
438,439
Cristia89821702,1362
1855,1362
nunescfreitas,1435
1856,1435
patribeiro0,1540
1857,1540
ritacrtm,1714
1858,1714
DaenerysDrakkar,1145
1859,1145
lilibezerra13,719
1475,719
1860,jofagner
1860,1861
207,humbertocostapt
207,1512
lilibezerra13,594
1475,594
VelindaDe,1512
1838,1512
Etenajlroyal,1410
1461,1410
FarrEstanislau,594
1862,594
700,Rosaniba
700,1394
MaiaTiane,1426
1863,1426
ALZIRALOPES18,1512
1583,1512
ALZIRALOPES18,1512
1583,1512
Rodolfo88037115,594
1864,594
899,HDr_Z7
899,1714
Adrianasscamar1,1426
1865,1426
VelindaDe,594
1838,594
ALZIRALOPES18,1394
1583,1394
jcsdaniel,594
1759,594
1866,ANPUH
1866,1867
ALZIRALOPES18,594
1583,594
899,filla_paulo
899,1362
ALZIRALOPES18,1512
1583,1512
LUCIABESSA,594
1868,594
marinamellob,1773
1830,1773
MarccioC128,1426
1869,1426
Rodolfo88037115,1362
1864,1362
899,DeputadoFederal
899,1426
jcsdaniel,1362
1759,1362
OlafAssis,1426
1870,1426
anielucy25,1426
1814,1426
JoselitoCarnei3,1426
1847,1426
eurobo9,1494
1871,1494
SpinaOficial,1354
1480,1354
Kitri1,1372
1872,1372
846,suzileao
846,1494
207,DeputadoFederal
207,1426
dezbora,1362
1840,1362
msborrasca,748
1467,748
832,DeputadoFederal
832,1426
flaviohenriqu85,594
846,594
1362,DeputadoFederal
1362,1426
reginaldoprates,1512
1873,1512
1347,filla_paulo
1347,1362
rigobertaf,594
1874,594
okik012,748
1875,748
filla_paulo,668
1362,668
ALZIRALOPES18,1512
1583,1512
CosmeHenriqueRJ,1270
1833,1270
ALZIRALOPES18,594
1583,594
leocolins,1270
1347,1270
flaviohenriqu85,668
846,668
VelindaDe,1426
1838,1426
luizmuller,1426
1876,1426
SpinaOficial,1145
1480,1145
SpinaOficial,627
1480,627
elielsonsilva,1372
1877,1372
mersonanjos,1362
1878,1362
922,janbrasileiro_
922,1270
necunha,1270
1474,1270
silentvelcro_,1694
1879,1694
MarcosSedassari,1512
1880,1512
SpinaOficial,1372
1480,1372
RosaDiniz_1,697
1777,697
rubenimiranda,1270
1881,1270
joorodrigues16,1362
1882,1362
mersonanjos,1372
1878,1372
1362,DeputadoFederal
1362,1426
luizmuller,1270
1876,1270
andregoleador95,1354
1883,1354
Voupracuba,1180
1884,1180
geisafilosofia,1180
1885,1180
123,DeputadoFederal
123,1426
rubenimiranda,1494
1881,1494
magnesio,1500
1886,1500
LisaKatia,982
1887,982
221,LuaSantis
221,747
magnesio,1426
1886,1426
JoaoGGuariento,1372
1888,1372
marcosrc_geo,748
1889,748
Canedo,748
1890,748
770,DeputadoFederal
770,1426
711,Lelecoutz
711,1360
bdfreitas,1496
1891,1496
luanacostalk,594
1892,594
moema4,748
1100,748
CosmeHenriqueRJ,1180
1833,1180
alexaubresil,594
1025,594
joorodrigues16,1362
1882,1362
711,brasildamudanca
711,1372
mjsrego,1372
1893,1372
sandradinyz,1372
1810,1372
EVOLUTWEET,1437
1894,1437
tucano171,594
1895,594
AgenciadaNo,1494
1896,1494
vovomaluquinha,992
1605,992
CunhaJules,1410
1897,1410
QuimShed,439
453,439
123,LeCommunard
123,1597
GioViana71,1360
1744,1360
PBtresMeiaCinco,594
1343,594
necunha,1372
1474,1372
jcsdaniel,1456
1759,1456
QuimShed,439
453,439
946,Lelecoutz
946,1360
renato30848724,627
1898,627
josuepsilvaps,1145
1899,1145
Jacck13,1658
1900,1658
LuanaSophia1990,439
456,439
123,_SilTorres
123,1456
SamaroneFlu,1180
1812,1180
beatnikqueen,992
1901,992
711,brasildamudanca
711,1372
flaviohenriqu85,627
846,627
1355,brasildamudanca
1355,1372
joorodrigues16,747
1882,747
NiltonMarioMira,747
1902,747
Dalfolinho2,1372
1374,1372
1073,Mavsampaio
1073,1145
deyandri,747
1903,747
patativaparana,1372
1768,1372
antunes_celeste,695
1904,695
AlexSan27160491,1180
1905,1180
722,Sandman998
722,1180
antunes_celeste,1494
1904,1494
MarcosSedassari,1426
1880,1426
NiltonMarioMira,1569
1902,1569
mary_joy_morais,1569
1829,1569
Aldenira13,1366
1477,1366
AguiarNeyda,477
711,477
PauloBa88656680,1366
1813,1366
722,brasildamudanca
722,1372
filla_paulo,1180
1362,1180
nenemeneghini,1372
1906,1372
667,midiacrucis
667,1464
NiltonMarioMira,1145
1902,1145
andregenis,627
1907,627
RosaDiniz_1,1569
1777,1569
AlineStevanatto,627
1699,627
turquim5,1372
1438,1372
1908,deolhonotemer
1908,1909
733,brasildamudanca
733,1372
NiltonMarioMira,747
1902,747
PauloBa88656680,1410
1813,1410
AlexSan27160491,1180
1905,1180
marcosrc_geo,1145
1889,1145
hamiltonribeiro,1354
1910,1354
okik012,1145
1875,1145
PauloBa88656680,747
1813,747
ralvarezdj,1366
1911,1366
Canedo,1145
1890,1145
florpimenta,627
1912,627
2018_Lulala,1180
1913,1180
DeiseQuintilia1,627
1914,627
1661,nona_alves
1661,1915
1916,zezeweiss
1916,1917
RoseMouraLima,1145
1918,1145
FABIOACEVEDORO4,1145
1919,1145
turquim5,627
1438,627
SAGGIO_2,747
1920,747
turquim5,1145
1438,1145
Alex_spa_,748
1532,748
adamariza,1410
1921,1410
helenpoa,1180
1922,1180
MarxVinicius13,747
1923,747
ibfrancini,747
1924,747
arte_prima,747
820,747
CarlosAMVianna,1536
1925,1536
adamariza,612
1921,612
Fabiano_30,594
699,594
1871,JNitao
1871,1926
646,Robertaandradee
646,1927
CosmeHenriqueRJ,1180
1833,1180
PauloBa88656680,594
1813,594
MarxVinicius13,747
1923,747
leonardobv,1352
1928,1352
moema4,747
1100,747
719,Sandman998
719,1180
AnnaAnnakscosta,1410
1661,1410
verachvatal,594
1929,594
MarxVinicius13,605
1923,605
1930,taviao
1930,1931
odio_nao,594
1339,594
filla_paulo,747
1362,747
1829,13Incomodando
1829,1932
AnnaAnnakscosta,1569
1661,1569
filla_paulo,594
1362,594
ChartresClaudia,1145
1916,1145
filla_paulo,747
1362,747
VanRegia13,1410
1504,1410
PauloBa88656680,1648
1813,1648
MellTinoco,880
1471,880
MariaCidada1,1180
1188,1180
958,frd_resistencia
958,1354
mareenatittanos,1180
1933,1180
mary_joy_morais,1362
1829,1362
1661,Robertaandradee
1661,1927
KlausDecort,1569
1934,1569
MariaTerezaNav1,1534
1935,1534
